"Date","Price","Open","High","Low","Change %"
"May 12, 2020","7.5911","7.6361","7.6377","7.5627","-0.74%"
"May 11, 2020","7.6480","7.6832","7.7126","7.6350","-0.41%"
"May 08, 2020","7.6794","7.7133","7.7838","7.6475","-0.44%"
"May 07, 2020","7.7133","7.7674","7.8467","7.6107","-0.72%"
"May 06, 2020","7.7689","7.6688","7.7909","7.6556","1.34%"
"May 05, 2020","7.6664","7.6838","7.7141","7.6421","-0.21%"
"May 04, 2020","7.6825","7.6996","7.7158","7.6474","-0.23%"
"May 01, 2020","7.6999","7.6543","7.7559","7.6361","0.59%"
"Apr 30, 2020","7.6550","7.5600","7.6723","7.5387","1.25%"
"Apr 29, 2020","7.5603","7.5597","7.6050","7.5360","0.01%"
"Apr 28, 2020","7.5597","7.5656","7.6238","7.5542","-0.08%"
"Apr 27, 2020","7.5660","7.5430","7.5920","7.5156","0.25%"
"Apr 24, 2020","7.5474","7.4866","7.5616","7.4683","0.81%"
"Apr 23, 2020","7.4866","7.5534","7.5662","7.4706","-0.88%"
"Apr 22, 2020","7.5531","7.5795","7.6181","7.5440","-0.36%"
"Apr 21, 2020","7.5802","7.5384","7.6073","7.5180","0.54%"
"Apr 20, 2020","7.5392","7.5380","7.5715","7.4637","0.02%"
"Apr 17, 2020","7.5377","7.5205","7.5618","7.4008","0.23%"
"Apr 16, 2020","7.5205","7.5411","7.5610","7.4977","-0.26%"
"Apr 15, 2020","7.5401","7.4841","7.5777","7.4725","0.75%"
"Apr 14, 2020","7.4841","7.3917","7.4960","7.3826","1.26%"
"Apr 13, 2020","7.3911","7.3278","7.4475","7.3266","0.87%"
"Apr 10, 2020","7.3272","7.2954","7.3639","7.2750","0.45%"
"Apr 09, 2020","7.2947","7.3549","7.3734","7.2347","-0.82%"
"Apr 08, 2020","7.3547","7.3552","7.3898","7.3259","-0.01%"
"Apr 07, 2020","7.3552","7.3193","7.3946","7.2733","0.49%"
"Apr 06, 2020","7.3193","7.2715","7.3386","7.2548","0.60%"
"Apr 03, 2020","7.2755","7.1829","7.3008","7.1746","1.29%"
"Apr 02, 2020","7.1829","7.3484","7.3664","7.1452","-2.25%"
"Apr 01, 2020","7.3485","7.2962","7.3630","7.2547","0.72%"
"Mar 31, 2020","7.2962","7.2663","7.3099","7.1746","0.40%"
"Mar 30, 2020","7.2673","7.1886","7.2839","7.1611","1.04%"
"Mar 27, 2020","7.1922","7.0572","7.1996","7.0485","1.91%"
"Mar 26, 2020","7.0572","6.9830","7.1062","6.9736","1.06%"
"Mar 25, 2020","6.9830","6.9268","7.0167","6.9011","0.81%"
"Mar 24, 2020","6.9268","7.0348","7.0944","6.8888","-1.55%"
"Mar 23, 2020","7.0361","7.0083","7.1390","6.9731","0.40%"
"Mar 20, 2020","7.0079","6.9967","7.0371","6.9482","0.16%"
"Mar 19, 2020","6.9967","7.0792","7.1307","6.9669","-1.26%"
"Mar 18, 2020","7.0858","7.0517","7.1312","7.0009","0.72%"
"Mar 17, 2020","7.0352","7.1914","7.2031","7.0014","-2.19%"
"Mar 16, 2020","7.1924","7.0226","7.2074","6.9875","2.27%"
"Mar 13, 2020","7.0328","7.0633","7.0873","6.9642","-0.45%"
"Mar 12, 2020","7.0643","6.9960","7.0929","6.9659","0.96%"
"Mar 11, 2020","6.9970","6.9417","7.0379","6.9368","0.74%"
"Mar 10, 2020","6.9456","7.0386","7.0691","6.9181","-1.26%"
"Mar 09, 2020","7.0345","6.8796","7.0916","6.8744","2.31%"
"Mar 06, 2020","6.8754","6.8666","6.9305","6.8231","0.16%"
"Mar 05, 2020","6.8643","6.7703","6.8842","6.7447","1.43%"
"Mar 04, 2020","6.7677","6.8214","6.8565","6.7525","-0.81%"
"Mar 03, 2020","6.8233","6.8761","6.9276","6.7477","-0.74%"
"Mar 02, 2020","6.8745","6.8678","6.9593","6.8422","-0.13%"
"Feb 28, 2020","6.8835","6.8308","6.9170","6.8099","0.80%"
"Feb 27, 2020","6.8286","6.6955","6.8350","6.6905","1.90%"
"Feb 26, 2020","6.7016","6.6854","6.7254","6.6728","0.24%"
"Feb 25, 2020","6.6853","6.6415","6.7028","6.5858","0.69%"
"Feb 24, 2020","6.6394","6.6092","6.6766","6.5947","0.42%"
"Feb 21, 2020","6.6117","6.5793","6.6425","6.5709","0.50%"
"Feb 20, 2020","6.5786","6.5739","6.6070","6.5590","0.09%"
"Feb 19, 2020","6.5725","6.5438","6.5814","6.5290","0.43%"
"Feb 18, 2020","6.5445","6.5503","6.5814","6.5411","-0.08%"
"Feb 17, 2020","6.5499","6.5589","6.5708","6.5383","-0.06%"
"Feb 14, 2020","6.5539","6.5454","6.5828","6.5341","0.08%"
"Feb 13, 2020","6.5488","6.5757","6.5980","6.5431","-0.31%"
"Feb 12, 2020","6.5694","6.5695","6.6087","6.5399","0.03%"
"Feb 11, 2020","6.5674","6.5573","6.6055","6.5444","0.14%"
"Feb 10, 2020","6.5584","6.5879","6.5958","6.5398","-0.38%"
"Feb 07, 2020","6.5837","6.5753","6.6354","6.5449","0.14%"
"Feb 06, 2020","6.5744","6.5782","6.5935","6.5614","-0.09%"
"Feb 05, 2020","6.5804","6.6059","6.6188","6.5739","-0.36%"
"Feb 04, 2020","6.6044","6.6188","6.6245","6.5831","-0.22%"
"Feb 03, 2020","6.6188","6.6374","6.6388","6.6039","-0.27%"
"Jan 31, 2020","6.6367","6.5826","6.6402","6.5747","0.73%"
"Jan 30, 2020","6.5889","6.5644","6.6127","6.5607","0.46%"
"Jan 29, 2020","6.5589","6.5493","6.5758","6.5307","0.18%"
"Jan 28, 2020","6.5474","6.5483","6.5618","6.5275","-0.04%"
"Jan 27, 2020","6.5497","6.5449","6.5651","6.5390","0.03%"
"Jan 24, 2020","6.5479","6.5572","6.5697","6.5370","-0.18%"
"Jan 23, 2020","6.5599","6.5693","6.5854","6.5424","-0.14%"
"Jan 22, 2020","6.5694","6.5828","6.5934","6.5560","-0.18%"
"Jan 21, 2020","6.5813","6.5609","6.5983","6.5560","0.31%"
"Jan 20, 2020","6.5607","6.5357","6.5712","6.5226","0.43%"
"Jan 17, 2020","6.5329","6.5215","6.5566","6.5057","0.11%"
"Jan 16, 2020","6.5259","6.5565","6.5787","6.5116","-0.40%"
"Jan 15, 2020","6.5521","6.5439","6.5663","6.5355","0.09%"
"Jan 14, 2020","6.5461","6.5332","6.5778","6.5240","0.20%"
"Jan 13, 2020","6.5330","6.5447","6.5488","6.5045","-0.06%"
"Jan 10, 2020","6.5372","6.5197","6.5469","6.5009","0.22%"
"Jan 09, 2020","6.5231","6.5664","6.5935","6.5048","-0.59%"
"Jan 08, 2020","6.5618","6.6635","6.6868","6.5549","-1.50%"
"Jan 07, 2020","6.6620","6.6796","6.6874","6.6452","-0.33%"
"Jan 06, 2020","6.6841","6.6734","6.7015","6.6565","0.27%"
"Jan 03, 2020","6.6662","6.6524","6.6816","6.6380","0.16%"
"Jan 02, 2020","6.6553","6.6684","6.6830","6.6462","-0.18%"
"Jan 01, 2020","6.6673","6.6668","6.6757","6.6601","-0.04%"
"Dec 31, 2019","6.6699","6.6579","6.6896","6.6528","0.13%"
"Dec 30, 2019","6.6612","6.6523","6.6745","6.6447","0.17%"
"Dec 27, 2019","6.6502","6.5766","6.6662","6.5766","0.99%"
"Dec 26, 2019","6.5850","6.5874","6.5969","6.5760","0.04%"
"Dec 25, 2019","6.5825","6.5944","6.5977","6.5677","-0.17%"
"Dec 24, 2019","6.5938","6.5939","6.6056","6.5696","-0.03%"
"Dec 23, 2019","6.5959","6.5789","6.6021","6.5540","0.23%"
"Dec 20, 2019","6.5808","6.6048","6.6115","6.5477","-0.42%"
"Dec 19, 2019","6.6084","6.5851","6.6218","6.5635","0.34%"
"Dec 18, 2019","6.5857","6.5629","6.5996","6.5518","0.35%"
"Dec 17, 2019","6.5629","6.5176","6.5731","6.5139","0.67%"
"Dec 16, 2019","6.5191","6.4643","6.5342","6.4586","0.93%"
"Dec 13, 2019","6.4593","6.4442","6.4983","6.4349","0.21%"
"Dec 12, 2019","6.4459","6.4653","6.4765","6.4060","-0.28%"
"Dec 11, 2019","6.4637","6.4375","6.4642","6.4165","0.36%"
"Dec 10, 2019","6.4403","6.4280","6.4470","6.4130","0.17%"
"Dec 09, 2019","6.4295","6.3886","6.4441","6.3831","0.64%"
"Dec 06, 2019","6.3883","6.3804","6.4077","6.3636","0.08%"
"Dec 05, 2019","6.3835","6.3708","6.4021","6.3559","0.20%"
"Dec 04, 2019","6.3708","6.3648","6.3913","6.3480","0.09%"
"Dec 03, 2019","6.3651","6.3577","6.3903","6.3388","0.06%"
"Dec 02, 2019","6.3612","6.3297","6.3704","6.3101","0.47%"
"Nov 29, 2019","6.3315","6.3297","6.3506","6.3045","-0.13%"
"Nov 28, 2019","6.3396","6.3575","6.3746","6.3347","-0.24%"
"Nov 27, 2019","6.3551","6.3474","6.3708","6.3241","0.12%"
"Nov 26, 2019","6.3475","6.3158","6.3574","6.3087","0.37%"
"Nov 25, 2019","6.3239","6.3049","6.3422","6.2873","0.41%"
"Nov 22, 2019","6.2983","6.2954","6.3299","6.2847","-0.01%"
"Nov 21, 2019","6.2992","6.3084","6.3311","6.2958","-0.20%"
"Nov 20, 2019","6.3116","6.3171","6.3376","6.2850","-0.04%"
"Nov 19, 2019","6.3139","6.3436","6.3600","6.3034","-0.60%"
"Nov 18, 2019","6.3519","6.3532","6.3678","6.3226","0.03%"
"Nov 15, 2019","6.3498","6.3334","6.3605","6.3235","0.22%"
"Nov 14, 2019","6.3356","6.3200","6.3672","6.3131","0.27%"
"Nov 13, 2019","6.3183","6.3567","6.3681","6.3025","-0.66%"
"Nov 12, 2019","6.3605","6.3652","6.3793","6.3414","-0.14%"
"Nov 11, 2019","6.3697","6.3606","6.3956","6.3496","0.23%"
"Nov 08, 2019","6.3551","6.3555","6.3700","6.3229","-0.02%"
"Nov 07, 2019","6.3562","6.3643","6.3826","6.3341","-0.12%"
"Nov 06, 2019","6.3636","6.3728","6.4009","6.3592","-0.12%"
"Nov 05, 2019","6.3715","6.3891","6.4025","6.3575","-0.23%"
"Nov 04, 2019","6.3861","6.3690","6.3975","6.3332","0.11%"
"Nov 01, 2019","6.3791","6.3846","6.4177","6.3688","0.13%"
"Oct 31, 2019","6.3711","6.3643","6.3951","6.3567","0.21%"
"Oct 30, 2019","6.3578","6.3720","6.4158","6.3350","-0.27%"
"Oct 29, 2019","6.3753","6.3639","6.3933","6.3373","0.22%"
"Oct 28, 2019","6.3616","6.4020","6.4060","6.3391","-0.58%"
"Oct 25, 2019","6.3985","6.3993","6.4334","6.3778","-0.05%"
"Oct 24, 2019","6.4014","6.3826","6.4318","6.3701","0.28%"
"Oct 23, 2019","6.3835","6.4626","6.4688","6.3665","-1.21%"
"Oct 22, 2019","6.4619","6.5316","6.5396","6.4364","-1.06%"
"Oct 21, 2019","6.5312","6.4563","6.5434","6.4469","0.94%"
"Oct 18, 2019","6.4702","6.4863","6.4897","6.3868","-0.23%"
"Oct 17, 2019","6.4852","6.5187","6.6001","6.4672","-0.50%"
"Oct 16, 2019","6.5181","6.5239","6.5491","6.4805","-0.15%"
"Oct 15, 2019","6.5277","6.5461","6.5531","6.4573","-0.14%"
"Oct 14, 2019","6.5370","6.4980","6.5488","6.4919","0.59%"
"Oct 11, 2019","6.4985","6.4208","6.5159","6.3971","1.17%"
"Oct 10, 2019","6.4236","6.4426","6.5127","6.4038","-0.28%"
"Oct 09, 2019","6.4414","6.3853","6.4544","6.3726","0.83%"
"Oct 08, 2019","6.3885","6.4046","6.4301","6.3499","-0.17%"
"Oct 07, 2019","6.3991","6.2519","6.4145","6.2496","2.33%"
"Oct 04, 2019","6.2533","6.2425","6.2681","6.2193","0.14%"
"Oct 03, 2019","6.2447","6.2462","6.2740","6.1993","-0.07%"
"Oct 02, 2019","6.2488","6.2634","6.2892","6.2347","-0.12%"
"Oct 01, 2019","6.2565","6.1578","6.2658","6.1418","1.61%"
"Sep 30, 2019","6.1573","6.2037","6.2101","6.1364","-0.74%"
"Sep 27, 2019","6.2032","6.1837","6.2213","6.1654","0.25%"
"Sep 26, 2019","6.1879","6.2062","6.2424","6.1681","-0.28%"
"Sep 25, 2019","6.2054","6.2801","6.2850","6.1997","-1.16%"
"Sep 24, 2019","6.2785","6.2834","6.2916","6.2252","-0.11%"
"Sep 23, 2019","6.2851","6.3291","6.3323","6.2663","-0.69%"
"Sep 20, 2019","6.3286","6.3099","6.3327","6.2640","0.23%"
"Sep 19, 2019","6.3139","6.2657","6.3281","6.2530","0.84%"
"Sep 18, 2019","6.2615","6.3122","6.3218","6.2481","-0.82%"
"Sep 17, 2019","6.3132","6.3038","6.3293","6.2797","0.16%"
"Sep 16, 2019","6.3030","6.2981","6.3594","6.2656","0.09%"
"Sep 13, 2019","6.2973","6.2512","6.3151","6.2484","0.63%"
"Sep 12, 2019","6.2579","6.3347","6.3619","6.1919","-1.17%"
"Sep 11, 2019","6.3323","6.3734","6.4041","6.3113","-0.59%"
"Sep 10, 2019","6.3701","6.3524","6.3941","6.3381","0.28%"
"Sep 09, 2019","6.3525","6.3022","6.3761","6.2783","0.77%"
"Sep 06, 2019","6.3037","6.2740","6.3288","6.2668","0.36%"
"Sep 05, 2019","6.2809","6.2598","6.3106","6.2255","0.43%"
"Sep 04, 2019","6.2541","6.2873","6.2941","6.1972","-0.53%"
"Sep 03, 2019","6.2873","6.3696","6.3781","6.2720","-1.28%"
"Sep 02, 2019","6.3689","6.4104","6.4218","6.3534","-0.62%"
"Aug 30, 2019","6.4084","6.4562","6.4609","6.3870","-0.76%"
"Aug 29, 2019","6.4573","6.4376","6.4810","6.4203","0.27%"
"Aug 28, 2019","6.4398","6.4599","6.4755","6.4108","-0.36%"
"Aug 27, 2019","6.4630","6.4676","6.5111","6.4325","-0.06%"
"Aug 26, 2019","6.4672","6.4252","6.5171","6.4234","0.75%"
"Aug 23, 2019","6.4191","6.3911","6.4343","6.3424","0.43%"
"Aug 22, 2019","6.3915","6.3296","6.4302","6.3277","0.87%"
"Aug 21, 2019","6.3364","6.3640","6.3760","6.3285","-0.36%"
"Aug 20, 2019","6.3594","6.2652","6.3766","6.2450","1.41%"
"Aug 19, 2019","6.2712","6.1956","6.3037","6.1696","1.37%"
"Aug 16, 2019","6.1866","6.1813","6.1978","6.1178","0.04%"
"Aug 15, 2019","6.1841","6.2535","6.2616","6.1716","-1.09%"
"Aug 14, 2019","6.2521","6.2117","6.2783","6.2057","0.61%"
"Aug 13, 2019","6.2141","6.2386","6.3285","6.1996","-0.40%"
"Aug 12, 2019","6.2389","6.1571","6.2505","6.1499","1.43%"
"Aug 09, 2019","6.1507","6.1156","6.1839","6.0924","0.42%"
"Aug 08, 2019","6.1249","6.1593","6.1859","6.1033","-0.45%"
"Aug 07, 2019","6.1525","6.1829","6.2075","6.1196","-0.50%"
"Aug 06, 2019","6.1833","6.2435","6.2923","6.1543","-0.93%"
"Aug 05, 2019","6.2415","6.1721","6.2592","6.1592","1.06%"
"Aug 02, 2019","6.1762","6.2108","6.2284","6.1547","-0.58%"
"Aug 01, 2019","6.2123","6.1895","6.2428","6.1337","0.40%"
"Jul 31, 2019","6.1875","6.1986","6.2270","6.1338","-0.23%"
"Jul 30, 2019","6.2019","6.2558","6.2707","6.1798","-0.89%"
"Jul 29, 2019","6.2575","6.3152","6.3175","6.2241","-0.85%"
"Jul 26, 2019","6.3110","6.3571","6.3618","6.2373","-0.72%"
"Jul 25, 2019","6.3568","6.3561","6.4244","6.2711","-0.04%"
"Jul 24, 2019","6.3593","6.3791","6.3914","6.3449","-0.28%"
"Jul 23, 2019","6.3770","6.3628","6.3830","6.3299","0.21%"
"Jul 22, 2019","6.3639","6.3439","6.3872","6.3181","0.28%"
"Jul 19, 2019","6.3461","6.3327","6.3736","6.3090","0.17%"
"Jul 18, 2019","6.3354","6.3810","6.4227","6.3033","-0.70%"
"Jul 17, 2019","6.3800","6.4059","6.4143","6.3545","-0.37%"
"Jul 16, 2019","6.4035","6.4317","6.4454","6.3763","-0.47%"
"Jul 15, 2019","6.4337","6.4477","6.4656","6.4186","-0.21%"
"Jul 12, 2019","6.4470","6.3955","6.5106","6.3792","0.97%"
"Jul 11, 2019","6.3849","6.3824","6.4196","6.3614","0.02%"
"Jul 10, 2019","6.3838","6.4215","6.4637","6.3785","-0.64%"
"Jul 09, 2019","6.4247","6.4371","6.4474","6.3577","-0.13%"
"Jul 08, 2019","6.4332","6.3186","6.5054","6.3152","1.82%"
"Jul 05, 2019","6.3183","6.3143","6.3433","6.2843","0.06%"
"Jul 04, 2019","6.3143","6.3355","6.3509","6.2858","-0.46%"
"Jul 03, 2019","6.3437","6.3825","6.4034","6.3176","-0.56%"
"Jul 02, 2019","6.3792","6.3737","6.4421","6.3465","0.03%"
"Jul 01, 2019","6.3771","6.5891","6.5914","6.3723","-3.17%"
"Jun 28, 2019","6.5856","6.5651","6.6026","6.5370","0.34%"
"Jun 27, 2019","6.5631","6.5643","6.5903","6.5382","-0.04%"
"Jun 26, 2019","6.5659","6.5892","6.6093","6.5290","-0.31%"
"Jun 25, 2019","6.5865","6.6211","6.6450","6.5436","-0.52%"
"Jun 24, 2019","6.6211","6.6137","6.6365","6.4872","0.05%"
"Jun 21, 2019","6.6178","6.5059","6.6293","6.4871","1.66%"
"Jun 20, 2019","6.5096","6.4973","6.5941","6.4581","0.13%"
"Jun 19, 2019","6.5014","6.5256","6.6313","6.4988","-0.34%"
"Jun 18, 2019","6.5237","6.5908","6.6113","6.5057","-0.98%"
"Jun 17, 2019","6.5885","6.6223","6.6521","6.5605","-0.40%"
"Jun 14, 2019","6.6150","6.6145","6.6971","6.5784","-0.04%"
"Jun 13, 2019","6.6175","6.5614","6.6620","6.5529","0.92%"
"Jun 12, 2019","6.5569","6.5644","6.6113","6.5251","-0.19%"
"Jun 11, 2019","6.5695","6.5350","6.6143","6.5030","0.55%"
"Jun 10, 2019","6.5338","6.6030","6.6259","6.5024","-1.13%"
"Jun 07, 2019","6.6083","6.5139","6.6231","6.5123","1.39%"
"Jun 06, 2019","6.5176","6.4390","6.5430","6.4157","1.35%"
"Jun 05, 2019","6.4307","6.4981","6.5221","6.3919","-1.16%"
"Jun 04, 2019","6.5064","6.5615","6.6062","6.4638","-0.79%"
"Jun 03, 2019","6.5579","6.5256","6.5933","6.5023","0.41%"
"May 31, 2019","6.5309","6.5422","6.5959","6.4765","-0.16%"
"May 30, 2019","6.5416","6.6906","6.7152","6.5132","-2.25%"
"May 29, 2019","6.6920","6.7308","6.7613","6.6801","-0.59%"
"May 28, 2019","6.7319","6.7866","6.8072","6.6932","-0.85%"
"May 27, 2019","6.7896","6.8175","6.8474","6.7499","-0.38%"
"May 24, 2019","6.8152","6.8179","6.8591","6.7581","-0.01%"
"May 23, 2019","6.8161","6.7923","6.8570","6.7825","0.19%"
"May 22, 2019","6.8032","6.7676","6.8379","6.7478","0.72%"
"May 21, 2019","6.7549","6.7257","6.7829","6.6958","0.33%"
"May 20, 2019","6.7327","6.7658","6.7914","6.6964","-0.36%"
"May 17, 2019","6.7571","6.7522","6.8106","6.7212","0.02%"
"May 16, 2019","6.7556","6.7229","6.7766","6.7134","0.50%"
"May 15, 2019","6.7219","6.7588","6.8277","6.7099","-0.59%"
"May 14, 2019","6.7618","6.8037","6.8737","6.7030","-0.58%"
"May 13, 2019","6.8011","6.7297","6.8928","6.6893","1.14%"
"May 10, 2019","6.7242","6.9577","6.9737","6.6961","-3.19%"
"May 09, 2019","6.9456","6.9184","7.0224","6.8845","0.32%"
"May 08, 2019","6.9231","6.8844","6.9405","6.8754","0.57%"
"May 07, 2019","6.8837","6.8097","6.9488","6.7965","1.08%"
"May 06, 2019","6.8103","6.6819","6.8861","6.6593","1.92%"
"May 03, 2019","6.6818","6.6773","6.7012","6.6412","0.22%"
"May 02, 2019","6.6674","6.6823","6.7012","6.6528","-0.19%"
"May 01, 2019","6.6802","6.6905","6.7089","6.6620","-0.16%"
"Apr 30, 2019","6.6910","6.6538","6.7010","6.6419","0.56%"
"Apr 29, 2019","6.6538","6.6257","6.6603","6.5953","0.50%"
"Apr 26, 2019","6.6205","6.5949","6.6494","6.5785","0.35%"
"Apr 25, 2019","6.5977","6.5543","6.6540","6.5387","0.68%"
"Apr 24, 2019","6.5533","6.5487","6.6011","6.5356","0.13%"
"Apr 23, 2019","6.5447","6.5599","6.5771","6.5302","-0.25%"
"Apr 22, 2019","6.5611","6.5357","6.5870","6.5263","0.37%"
"Apr 19, 2019","6.5367","6.5145","6.5599","6.4875","0.32%"
"Apr 18, 2019","6.5159","6.4889","6.5898","6.4849","0.51%"
"Apr 17, 2019","6.4827","6.5080","6.5435","6.4317","-0.41%"
"Apr 16, 2019","6.5095","6.5606","6.5899","6.4749","-0.83%"
"Apr 15, 2019","6.5641","6.5234","6.5866","6.5117","0.67%"
"Apr 12, 2019","6.5207","6.4546","6.5903","6.4436","0.98%"
"Apr 11, 2019","6.4576","6.4094","6.4919","6.3871","0.81%"
"Apr 10, 2019","6.4054","6.4078","6.4434","6.3638","-0.09%"
"Apr 09, 2019","6.4112","6.4150","6.4361","6.3408","0.05%"
"Apr 08, 2019","6.4078","6.3113","6.4525","6.3007","1.55%"
"Apr 05, 2019","6.3103","6.2726","6.3388","6.2355","0.56%"
"Apr 04, 2019","6.2752","6.3201","6.3671","6.2146","-0.72%"
"Apr 03, 2019","6.3205","6.2823","6.3492","6.2447","0.64%"
"Apr 02, 2019","6.2804","6.1540","6.3542","6.1382","2.09%"
"Apr 01, 2019","6.1518","6.2271","6.4107","6.0668","-1.29%"
"Mar 29, 2019","6.2321","6.2400","6.3783","6.2294","-0.20%"
"Mar 28, 2019","6.2447","6.0094","6.3228","6.0066","4.24%"
"Mar 27, 2019","5.9906","6.0035","6.1606","5.9331","-0.20%"
"Mar 26, 2019","6.0024","6.2790","6.3269","5.9703","-4.41%"
"Mar 25, 2019","6.2790","6.5209","6.5237","6.2698","-3.69%"
"Mar 22, 2019","6.5199","6.2122","6.6052","6.1971","4.89%"
"Mar 21, 2019","6.2159","6.1877","6.2333","6.1873","0.47%"
"Mar 20, 2019","6.1871","6.2160","6.2306","6.1788","-0.47%"
"Mar 19, 2019","6.2165","6.1981","6.2263","6.1910","0.28%"
"Mar 18, 2019","6.1991","6.1685","6.2104","6.1613","0.49%"
"Mar 15, 2019","6.1687","6.1794","6.2075","6.1592","-0.18%"
"Mar 14, 2019","6.1799","6.1802","6.2001","6.1707","0.02%"
"Mar 13, 2019","6.1784","6.1586","6.1956","6.1456","0.30%"
"Mar 12, 2019","6.1601","6.1268","6.1715","6.1020","0.56%"
"Mar 11, 2019","6.1259","6.1142","6.1397","6.0953","0.36%"
"Mar 08, 2019","6.1039","6.1284","6.1567","6.0880","-0.34%"
"Mar 07, 2019","6.1245","6.1361","6.1722","6.1003","-0.22%"
"Mar 06, 2019","6.1383","6.0915","6.1646","6.0573","0.77%"
"Mar 05, 2019","6.0916","6.0911","6.1217","6.0710","-0.09%"
"Mar 04, 2019","6.0971","6.1203","6.1335","6.0801","-0.27%"
"Mar 01, 2019","6.1139","6.0727","6.1562","6.0556","0.74%"
"Feb 28, 2019","6.0689","6.0424","6.0818","6.0313","0.46%"
"Feb 27, 2019","6.0414","6.0418","6.0591","6.0150","-0.11%"
"Feb 26, 2019","6.0482","6.0301","6.0566","6.0071","0.42%"
"Feb 25, 2019","6.0232","6.0317","6.0451","6.0034","-0.17%"
"Feb 22, 2019","6.0332","6.0324","6.0580","6.0117","0.02%"
"Feb 21, 2019","6.0321","6.0401","6.0647","6.0129","-0.07%"
"Feb 20, 2019","6.0366","5.9976","6.0662","5.9893","0.76%"
"Feb 19, 2019","5.9912","5.9985","6.0222","5.9706","-0.21%"
"Feb 18, 2019","6.0039","5.9623","6.0225","5.9549","0.85%"
"Feb 15, 2019","5.9535","5.9539","5.9848","5.9078","-0.04%"
"Feb 14, 2019","5.9561","5.9489","6.0015","5.9310","0.09%"
"Feb 13, 2019","5.9508","5.9454","5.9774","5.9197","0.05%"
"Feb 12, 2019","5.9477","5.9526","5.9674","5.9252","-0.06%"
"Feb 11, 2019","5.9515","5.9459","5.9713","5.9279","0.10%"
"Feb 08, 2019","5.9455","5.9729","5.9866","5.9272","-0.51%"
"Feb 07, 2019","5.9760","5.9257","6.0098","5.9154","0.82%"
"Feb 06, 2019","5.9273","5.9368","5.9691","5.9237","-0.11%"
"Feb 05, 2019","5.9338","5.9726","5.9844","5.9142","-0.60%"
"Feb 04, 2019","5.9694","5.9615","6.0024","5.9528","0.04%"
"Feb 01, 2019","5.9668","5.9089","6.0015","5.9050","0.93%"
"Jan 31, 2019","5.9118","5.9980","6.0303","5.9016","-1.43%"
"Jan 30, 2019","5.9977","6.0683","6.0921","5.9833","-1.19%"
"Jan 29, 2019","6.0701","6.0918","6.1360","6.0506","-0.30%"
"Jan 28, 2019","6.0882","5.8299","6.1105","5.8259","1.30%"
"Jan 25, 2019","6.0101","5.9492","6.0192","5.9358","0.96%"
"Jan 24, 2019","5.9527","6.0144","6.0376","5.9393","-1.05%"
"Jan 23, 2019","6.0160","6.0652","6.0901","6.0014","-0.84%"
"Jan 22, 2019","6.0667","6.0498","6.1006","6.0454","0.24%"
"Jan 21, 2019","6.0523","6.0595","6.0972","6.0415","-0.04%"
"Jan 18, 2019","6.0545","6.0910","6.1289","6.0391","-0.64%"
"Jan 17, 2019","6.0938","6.0808","6.1402","6.0736","0.18%"
"Jan 16, 2019","6.0831","6.2168","6.2263","6.0682","-2.14%"
"Jan 15, 2019","6.2162","6.2390","6.2833","6.1947","-0.52%"
"Jan 14, 2019","6.2485","6.2669","6.3720","6.2318","-0.13%"
"Jan 11, 2019","6.2564","6.2283","6.3341","6.2213","0.44%"
"Jan 10, 2019","6.2293","6.3213","6.3636","6.2152","-1.44%"
"Jan 09, 2019","6.3205","6.2758","6.3563","6.2458","0.78%"
"Jan 08, 2019","6.2714","6.1758","6.3114","6.1509","1.49%"
"Jan 07, 2019","6.1793","6.0810","6.2116","6.0659","1.72%"
"Jan 04, 2019","6.0748","6.2278","6.2473","6.0502","-2.47%"
"Jan 03, 2019","6.2284","6.1179","6.6257","6.1095","1.67%"
"Jan 02, 2019","6.1258","6.0773","6.1746","6.0460","0.95%"
"Jan 01, 2019","6.0682","6.0640","6.0875","6.0038","0.03%"
"Dec 31, 2018","6.0664","6.0336","6.0924","6.0062","0.55%"
"Dec 28, 2018","6.0334","6.0369","6.0752","6.0027","-0.13%"
"Dec 27, 2018","6.0413","5.9893","6.0590","5.9839","0.85%"
"Dec 26, 2018","5.9905","6.0183","6.0621","5.9828","-0.71%"
"Dec 25, 2018","6.0336","6.0450","6.1151","6.0225","0.07%"
"Dec 24, 2018","6.0293","6.0488","6.0651","6.0079","-0.31%"
"Dec 21, 2018","6.0480","6.0162","6.0723","5.9939","0.36%"
"Dec 20, 2018","6.0262","6.0214","6.0712","5.9967","0.20%"
"Dec 19, 2018","6.0139","6.0756","6.1023","5.9442","-0.96%"
"Dec 18, 2018","6.0721","6.0946","6.1186","6.0620","-0.35%"
"Dec 17, 2018","6.0933","6.0658","6.1155","6.0537","0.45%"
"Dec 14, 2018","6.0659","6.0617","6.1257","6.0484","-0.02%"
"Dec 13, 2018","6.0672","6.0789","6.1378","6.0279","-0.21%"
"Dec 12, 2018","6.0800","6.0768","6.1229","6.0556","0.13%"
"Dec 11, 2018","6.0719","6.0428","6.1525","6.0283","0.38%"
"Dec 10, 2018","6.0492","6.0503","6.0964","6.0132","0.26%"
"Dec 07, 2018","6.0336","6.0696","6.0853","5.9808","-0.65%"
"Dec 06, 2018","6.0729","6.0469","6.1312","6.0335","0.51%"
"Dec 05, 2018","6.0420","6.1049","6.1794","6.0216","-1.15%"
"Dec 04, 2018","6.1126","5.9609","6.2143","5.9419","2.54%"
"Dec 03, 2018","5.9610","5.9072","6.0042","5.8451","1.04%"
"Nov 30, 2018","5.8994","5.8719","5.9516","5.8460","0.29%"
"Nov 29, 2018","5.8823","5.9409","5.9580","5.8323","-0.90%"
"Nov 28, 2018","5.9355","5.9551","5.9672","5.9111","-0.26%"
"Nov 27, 2018","5.9508","5.9475","5.9901","5.9040","0.10%"
"Nov 26, 2018","5.9446","5.9976","6.0139","5.9176","-0.87%"
"Nov 23, 2018","5.9968","6.0290","6.0648","5.9634","-0.74%"
"Nov 22, 2018","6.0416","6.0496","6.1010","6.0164","-0.03%"
"Nov 21, 2018","6.0432","6.1182","6.1456","6.0160","-1.17%"
"Nov 20, 2018","6.1148","6.0729","6.1958","6.0682","0.60%"
"Nov 19, 2018","6.0786","6.0979","6.1299","6.0454","-0.17%"
"Nov 16, 2018","6.0889","6.0594","6.1120","6.0282","0.51%"
"Nov 15, 2018","6.0583","6.1711","6.2014","6.0060","-1.94%"
"Nov 14, 2018","6.1780","6.1905","6.2306","6.1433","-0.11%"
"Nov 13, 2018","6.1848","6.1272","6.2172","6.1178","0.82%"
"Nov 12, 2018","6.1346","6.1954","6.2309","6.1120","-0.90%"
"Nov 09, 2018","6.1902","6.2034","6.2847","6.1602","-0.25%"
"Nov 08, 2018","6.2055","6.1254","6.2668","6.1224","1.30%"
"Nov 07, 2018","6.1258","6.1277","6.2146","6.1113","0.08%"
"Nov 06, 2018","6.1209","6.0606","6.1882","6.0450","1.00%"
"Nov 05, 2018","6.0605","6.1883","6.2368","6.0496","-1.98%"
"Nov 02, 2018","6.1827","6.2841","6.3048","6.1580","-1.69%"
"Nov 01, 2018","6.2892","6.3170","6.4215","6.2741","-0.42%"
"Oct 31, 2018","6.3159","6.2073","6.3784","6.1933","1.69%"
"Oct 30, 2018","6.2107","6.3263","6.3355","6.1962","-1.80%"
"Oct 29, 2018","6.3243","6.3841","6.3905","6.2847","-0.86%"
"Oct 26, 2018","6.3793","6.4022","6.4330","6.3311","-0.47%"
"Oct 25, 2018","6.4096","6.4999","6.5541","6.3835","-1.33%"
"Oct 24, 2018","6.4961","6.5675","6.6258","6.4422","-1.13%"
"Oct 23, 2018","6.5705","6.4972","6.7345","6.4848","1.09%"
"Oct 22, 2018","6.4994","6.4968","6.5322","6.4831","0.04%"
"Oct 19, 2018","6.4971","6.4604","6.5490","6.3978","0.54%"
"Oct 18, 2018","6.4623","6.4165","6.5441","6.3418","0.64%"
"Oct 17, 2018","6.4211","6.5766","6.6062","6.3735","-2.43%"
"Oct 16, 2018","6.5808","6.7011","6.7290","6.5560","-1.79%"
"Oct 15, 2018","6.7005","6.7896","6.8232","6.6566","-1.32%"
"Oct 12, 2018","6.7900","6.8692","6.9432","6.7211","-1.17%"
"Oct 11, 2018","6.8704","6.9947","7.0306","6.8328","-1.85%"
"Oct 10, 2018","6.9996","7.0149","7.0503","6.9004","-0.15%"
"Oct 09, 2018","7.0104","7.0171","7.0522","6.9619","-0.17%"
"Oct 08, 2018","7.0224","7.0698","7.1239","6.9962","-0.65%"
"Oct 05, 2018","7.0680","7.0901","7.1472","6.9969","-0.40%"
"Oct 04, 2018","7.0961","6.9307","7.1668","6.9249","2.26%"
"Oct 03, 2018","6.9394","6.8976","7.0557","6.8797","0.41%"
"Oct 02, 2018","6.9111","6.8722","6.9786","6.8327","0.50%"
"Oct 01, 2018","6.8768","7.0386","7.0551","6.8279","-2.18%"
"Sep 28, 2018","7.0304","6.9897","7.0784","6.8915","0.50%"
"Sep 27, 2018","6.9954","7.1577","7.1922","6.9390","-2.44%"
"Sep 26, 2018","7.1707","7.2500","7.2985","7.1120","-1.14%"
"Sep 25, 2018","7.2537","7.2033","7.3355","7.0959","0.36%"
"Sep 24, 2018","7.2279","7.3357","7.4353","7.0987","-2.26%"
"Sep 21, 2018","7.3951","7.2811","7.4206","7.2782","1.29%"
"Sep 20, 2018","7.3008","7.2894","7.4731","7.1389","0.08%"
"Sep 19, 2018","7.2949","7.4521","7.5016","7.2467","-2.08%"
"Sep 18, 2018","7.4500","7.3789","7.5528","7.3480","0.98%"
"Sep 17, 2018","7.3774","7.1699","7.3960","7.1332","2.80%"
"Sep 14, 2018","7.1764","7.0930","7.2204","7.0029","0.95%"
"Sep 13, 2018","7.1090","7.3732","7.6283","6.9774","-3.62%"
"Sep 12, 2018","7.3762","7.4660","7.5110","7.3191","-1.17%"
"Sep 11, 2018","7.4634","7.4920","7.5427","7.4338","-0.38%"
"Sep 10, 2018","7.4916","7.3652","7.5310","7.3628","1.18%"
"Sep 07, 2018","7.4039","7.6337","7.6871","7.3418","-3.22%"
"Sep 06, 2018","7.6504","7.6745","7.7378","7.5971","-0.38%"
"Sep 05, 2018","7.6799","7.7347","7.7790","7.6324","-0.60%"
"Sep 04, 2018","7.7264","7.6951","7.7754","7.6198","0.19%"
"Sep 03, 2018","7.7114","7.5912","7.8116","7.5409","1.65%"
"Aug 31, 2018","7.5861","7.7774","7.9478","7.4483","-2.28%"
"Aug 30, 2018","7.7631","7.5583","7.9877","7.4946","2.40%"
"Aug 29, 2018","7.5811","7.3383","7.6236","7.2982","3.34%"
"Aug 28, 2018","7.3363","7.1775","7.3987","7.1349","2.62%"
"Aug 27, 2018","7.1489","6.9854","7.3155","6.9289","2.40%"
"Aug 24, 2018","6.9811","7.0261","7.0952","6.9512","-1.23%"
"Aug 23, 2018","7.0677","7.0344","7.1566","6.9676","0.71%"
"Aug 22, 2018","7.0176","7.0260","7.0925","6.9664","-0.18%"
"Aug 21, 2018","7.0302","6.9850","7.1155","6.9364","0.71%"
"Aug 20, 2018","6.9806","6.9126","7.1124","6.8251","1.49%"
"Aug 17, 2018","6.8782","6.6209","7.2142","6.5134","3.75%"
"Aug 16, 2018","6.6294","6.7713","6.8554","6.4553","-2.45%"
"Aug 15, 2018","6.7962","7.1921","7.4713","6.6424","-5.72%"
"Aug 14, 2018","7.2084","7.8577","7.9420","7.1215","-8.21%"
"Aug 13, 2018","7.8533","7.3471","8.2370","7.3296","7.07%"
"Aug 10, 2018","7.3344","6.3887","7.7665","6.3751","14.73%"
"Aug 09, 2018","6.3925","6.1288","6.4390","6.1269","4.27%"
"Aug 08, 2018","6.1306","6.0864","6.1581","6.0526","0.78%"
"Aug 07, 2018","6.0829","6.1593","6.2066","5.9856","-1.22%"
"Aug 06, 2018","6.1582","5.8777","6.2690","5.8761","4.77%"
"Aug 03, 2018","5.8780","5.8671","5.9273","5.8546","0.16%"
"Aug 02, 2018","5.8685","5.8219","5.9206","5.7767","0.76%"
"Aug 01, 2018","5.8243","5.7455","5.8539","5.7345","1.37%"
"Jul 31, 2018","5.7454","5.7179","5.7758","5.7115","0.52%"
"Jul 30, 2018","5.7157","5.6513","5.7373","5.6447","1.03%"
"Jul 27, 2018","5.6573","5.6629","5.6783","5.6275","-0.12%"
"Jul 26, 2018","5.6640","5.5919","5.6956","5.5901","1.18%"
"Jul 25, 2018","5.5978","5.7118","5.7181","5.5978","-1.96%"
"Jul 24, 2018","5.7099","5.5438","5.7838","5.5295","3.04%"
"Jul 23, 2018","5.5414","5.6253","5.6297","5.5337","-1.35%"
"Jul 20, 2018","5.6170","5.5918","5.6330","5.5739","0.37%"
"Jul 19, 2018","5.5964","5.5842","5.6273","5.5671","0.27%"
"Jul 18, 2018","5.5811","5.6051","5.6254","5.5418","-0.41%"
"Jul 17, 2018","5.6043","5.6765","5.6958","5.5792","-1.25%"
"Jul 16, 2018","5.6750","5.6528","5.7028","5.6380","0.03%"
"Jul 13, 2018","5.6735","5.6658","5.6941","5.6039","0.11%"
"Jul 12, 2018","5.6672","5.6922","5.8052","5.5831","-0.41%"
"Jul 11, 2018","5.6905","5.5268","5.6991","5.5086","2.93%"
"Jul 10, 2018","5.5287","5.5695","5.5935","5.4535","-0.61%"
"Jul 09, 2018","5.5627","5.3659","5.5798","5.3031","3.61%"
"Jul 06, 2018","5.3689","5.3703","5.4108","5.3624","-0.00%"
"Jul 05, 2018","5.3690","5.4429","5.4763","5.3557","-1.30%"
"Jul 04, 2018","5.4398","5.4422","5.5049","5.4295","-0.08%"
"Jul 03, 2018","5.4444","5.3716","5.4648","5.3613","1.33%"
"Jul 02, 2018","5.3729","5.3485","5.4058","5.3397","0.24%"
"Jun 29, 2018","5.3601","5.3021","5.3853","5.2884","1.04%"
"Jun 28, 2018","5.3048","5.3411","5.3678","5.2904","-0.67%"
"Jun 27, 2018","5.3406","5.3755","5.4245","5.3268","-0.66%"
"Jun 26, 2018","5.3759","5.4784","5.5180","5.3634","-1.88%"
"Jun 25, 2018","5.4787","5.4341","5.5084","5.2793","0.48%"
"Jun 22, 2018","5.4523","5.4749","5.5211","5.4240","-0.50%"
"Jun 21, 2018","5.4795","5.4787","5.5105","5.4629","0.05%"
"Jun 20, 2018","5.4767","5.4927","5.5195","5.4725","-0.31%"
"Jun 19, 2018","5.4939","5.4694","5.5166","5.4405","0.48%"
"Jun 18, 2018","5.4677","5.4878","5.5077","5.4164","-0.43%"
"Jun 15, 2018","5.4912","5.4669","5.5182","5.4478","0.44%"
"Jun 14, 2018","5.4674","5.4746","5.5347","5.4052","-0.18%"
"Jun 13, 2018","5.4772","5.3971","5.5187","5.3800","1.49%"
"Jun 12, 2018","5.3968","5.3311","5.4024","5.3102","1.23%"
"Jun 11, 2018","5.3311","5.2611","5.3555","5.2558","1.26%"
"Jun 08, 2018","5.2650","5.2916","5.3421","5.2480","-0.50%"
"Jun 07, 2018","5.2912","5.3635","5.4267","5.2650","-1.34%"
"Jun 06, 2018","5.3633","5.3878","5.4412","5.3411","-0.47%"
"Jun 05, 2018","5.3886","5.3719","5.4182","5.3537","0.31%"
"Jun 04, 2018","5.3721","5.4192","5.4681","5.3546","-0.94%"
"Jun 01, 2018","5.4231","5.2898","5.4316","5.2771","2.52%"
"May 31, 2018","5.2900","5.2085","5.3056","5.1988","1.58%"
"May 30, 2018","5.2076","5.2493","5.2693","5.1670","-0.79%"
"May 29, 2018","5.2493","5.3202","5.3536","5.2284","-1.44%"
"May 28, 2018","5.3261","5.4913","5.5233","5.3027","-2.91%"
"May 25, 2018","5.4859","5.5194","5.6238","5.4641","-0.56%"
"May 24, 2018","5.5168","5.3517","5.6334","5.3079","3.07%"
"May 23, 2018","5.3523","5.5004","5.7641","5.3106","-2.68%"
"May 22, 2018","5.4997","5.3948","5.5075","5.3574","1.95%"
"May 21, 2018","5.3945","5.2821","5.4119","5.2772","1.97%"
"May 18, 2018","5.2901","5.2615","5.3047","5.2428","0.56%"
"May 17, 2018","5.2608","5.2089","5.2721","5.2072","0.94%"
"May 16, 2018","5.2117","5.2594","5.3224","5.1817","-0.95%"
"May 15, 2018","5.2618","5.2100","5.3097","5.1796","1.03%"
"May 14, 2018","5.2084","5.1536","5.2183","5.1454","1.09%"
"May 11, 2018","5.1521","5.0470","5.1586","5.0354","2.10%"
"May 10, 2018","5.0462","5.0816","5.1100","5.0300","-0.68%"
"May 09, 2018","5.0810","5.1397","5.1780","5.0479","-1.16%"
"May 08, 2018","5.1406","5.0846","5.1483","5.0759","1.05%"
"May 07, 2018","5.0873","5.0548","5.0961","5.0426","0.65%"
"May 04, 2018","5.0543","5.0537","5.1350","5.0432","0.07%"
"May 03, 2018","5.0508","4.9919","5.0773","4.9783","1.18%"
"May 02, 2018","4.9920","4.9184","5.0053","4.9081","1.44%"
"May 01, 2018","4.9209","4.9075","4.9461","4.8930","0.31%"
"Apr 30, 2018","4.9059","4.9026","4.9291","4.8704","0.06%"
"Apr 27, 2018","4.9032","4.9224","4.9367","4.8779","-0.37%"
"Apr 26, 2018","4.9215","4.9592","4.9775","4.9120","-0.83%"
"Apr 25, 2018","4.9628","5.0017","5.0112","4.9213","-0.71%"
"Apr 24, 2018","4.9984","5.0150","5.0232","4.9725","-0.34%"
"Apr 23, 2018","5.0153","5.0095","5.0291","4.9847","0.12%"
"Apr 20, 2018","5.0094","4.9882","5.0117","4.9536","0.42%"
"Apr 19, 2018","4.9882","4.9592","5.0045","4.9569","0.57%"
"Apr 18, 2018","4.9600","5.0695","5.0831","4.9558","-2.14%"
"Apr 17, 2018","5.0683","5.0675","5.1155","5.0454","-0.05%"
"Apr 16, 2018","5.0709","5.0498","5.0971","5.0454","0.38%"
"Apr 13, 2018","5.0518","5.0667","5.0775","5.0160","-0.29%"
"Apr 12, 2018","5.0667","5.1129","5.1457","5.0236","-0.94%"
"Apr 11, 2018","5.1150","5.0838","5.1944","5.0730","0.67%"
"Apr 10, 2018","5.0809","5.0176","5.1173","4.9889","1.24%"
"Apr 09, 2018","5.0186","4.9624","5.0236","4.9508","1.01%"
"Apr 06, 2018","4.9684","4.9601","4.9779","4.9371","0.19%"
"Apr 05, 2018","4.9591","4.9089","4.9630","4.9044","1.00%"
"Apr 04, 2018","4.9101","4.8956","4.9489","4.8902","0.32%"
"Apr 03, 2018","4.8944","4.8884","4.9101","4.8757","0.13%"
"Apr 02, 2018","4.8882","4.8735","4.8983","4.8671","0.30%"
"Mar 30, 2018","4.8738","4.8496","4.8824","4.8448","0.50%"
"Mar 29, 2018","4.8494","4.9338","4.9492","4.8326","-1.75%"
"Mar 28, 2018","4.9359","4.9401","4.9669","4.9278","-0.06%"
"Mar 27, 2018","4.9387","4.9356","4.9593","4.9269","0.09%"
"Mar 26, 2018","4.9344","4.9173","4.9631","4.8873","0.30%"
"Mar 23, 2018","4.9195","4.8389","4.9730","4.8361","1.64%"
"Mar 22, 2018","4.8400","4.8231","4.8557","4.8171","0.36%"
"Mar 21, 2018","4.8225","4.8172","4.8415","4.8037","0.14%"
"Mar 20, 2018","4.8159","4.8536","4.8699","4.8082","-0.81%"
"Mar 19, 2018","4.8553","4.8166","4.8719","4.8073","0.86%"
"Mar 16, 2018","4.8138","4.7945","4.8320","4.7889","0.43%"
"Mar 15, 2018","4.7934","4.7973","4.8210","4.7870","-0.09%"
"Mar 14, 2018","4.7979","4.7998","4.8124","4.7686","-0.03%"
"Mar 13, 2018","4.7994","4.7397","4.8048","4.7253","1.23%"
"Mar 12, 2018","4.7409","4.6855","4.7504","4.6851","1.08%"
"Mar 09, 2018","4.6903","4.7076","4.7144","4.6763","-0.37%"
"Mar 08, 2018","4.7076","4.7195","4.7412","4.6999","-0.21%"
"Mar 07, 2018","4.7175","4.7059","4.7355","4.7036","0.24%"
"Mar 06, 2018","4.7062","4.6996","4.7176","4.6825","0.17%"
"Mar 05, 2018","4.6981","4.6925","4.7146","4.6803","0.19%"
"Mar 02, 2018","4.6894","4.6686","4.7108","4.6579","0.45%"
"Mar 01, 2018","4.6685","4.6321","4.6764","4.6265","0.78%"
"Feb 28, 2018","4.6322","4.6673","4.6701","4.6277","-0.76%"
"Feb 27, 2018","4.6676","4.6635","4.6786","4.6476","0.10%"
"Feb 26, 2018","4.6630","4.6576","4.6705","4.6489","0.07%"
"Feb 23, 2018","4.6598","4.6661","4.6723","4.6468","-0.14%"
"Feb 22, 2018","4.6662","4.6536","4.6833","4.6495","0.25%"
"Feb 21, 2018","4.6546","4.6877","4.7002","4.6528","-0.67%"
"Feb 20, 2018","4.6862","4.6612","4.7070","4.6481","0.52%"
"Feb 19, 2018","4.6619","4.6497","4.6743","4.6410","0.28%"
"Feb 16, 2018","4.6490","4.7081","4.7316","4.6419","-1.25%"
"Feb 15, 2018","4.7077","4.7074","4.7219","4.6950","-0.03%"
"Feb 14, 2018","4.7090","4.7086","4.7255","4.6785","0.04%"
"Feb 13, 2018","4.7069","4.6691","4.7112","4.6632","0.78%"
"Feb 12, 2018","4.6706","4.6831","4.6902","4.6527","-0.13%"
"Feb 09, 2018","4.6769","4.6799","4.7005","4.6673","-0.07%"
"Feb 08, 2018","4.6803","4.6661","4.6971","4.6489","0.30%"
"Feb 07, 2018","4.6665","4.6649","4.6806","4.6413","0.02%"
"Feb 06, 2018","4.6655","4.6877","4.7102","4.6485","-0.47%"
"Feb 05, 2018","4.6873","4.6948","4.7042","4.6622","-0.32%"
"Feb 02, 2018","4.7023","4.6707","4.7082","4.6650","0.73%"
"Feb 01, 2018","4.6681","4.6618","4.6801","4.6462","0.08%"
"Jan 31, 2018","4.6646","4.6890","4.6965","4.6511","-0.52%"
"Jan 30, 2018","4.6892","4.6974","4.7067","4.6727","-0.17%"
"Jan 29, 2018","4.6972","4.6637","4.6999","4.6463","0.72%"
"Jan 26, 2018","4.6638","4.6533","4.6773","4.6451","0.26%"
"Jan 25, 2018","4.6518","4.6384","4.6809","4.6248","0.28%"
"Jan 24, 2018","4.6386","4.6318","4.6511","4.6162","0.11%"
"Jan 23, 2018","4.6334","4.6305","4.6555","4.6223","0.12%"
"Jan 22, 2018","4.6280","4.7088","4.7222","4.6185","-0.52%"
"Jan 19, 2018","4.6521","4.6139","4.6699","4.6052","0.83%"
"Jan 18, 2018","4.6140","4.6513","4.6606","4.5942","-0.83%"
"Jan 17, 2018","4.6528","4.6555","4.6853","4.6456","-0.08%"
"Jan 16, 2018","4.6565","4.6632","4.6972","4.6168","-0.09%"
"Jan 15, 2018","4.6608","4.5700","4.6685","4.5678","2.03%"
"Jan 12, 2018","4.5680","4.5435","4.5802","4.5338","0.59%"
"Jan 11, 2018","4.5410","4.5390","4.5727","4.5157","0.04%"
"Jan 10, 2018","4.5391","4.4990","4.5728","4.4934","0.92%"
"Jan 09, 2018","4.4978","4.4824","4.5072","4.4744","0.38%"
"Jan 08, 2018","4.4809","4.4893","4.5084","4.4765","-0.32%"
"Jan 05, 2018","4.4954","4.5255","4.5382","4.4920","-0.61%"
"Jan 04, 2018","4.5231","4.5448","4.5539","4.5153","-0.44%"
"Jan 03, 2018","4.5431","4.5419","4.5607","4.5077","0.02%"
"Jan 02, 2018","4.5423","4.5481","4.5606","4.5225","-0.14%"
"Jan 01, 2018","4.5488","4.5510","4.5583","4.5442","0.03%"
"Dec 29, 2017","4.5473","4.5084","4.5616","4.5026","0.86%"
"Dec 28, 2017","4.5084","4.5359","4.5651","4.4950","-0.61%"
"Dec 27, 2017","4.5359","4.5198","4.5556","4.5107","0.34%"
"Dec 26, 2017","4.5205","4.5209","4.5335","4.5033","0.03%"
"Dec 25, 2017","4.5190","4.5180","4.5363","4.5018","-0.13%"
"Dec 22, 2017","4.5249","4.5339","4.5390","4.5052","-0.17%"
"Dec 21, 2017","4.5327","4.5359","4.5541","4.5229","-0.06%"
"Dec 20, 2017","4.5352","4.5384","4.5553","4.5247","-0.08%"
"Dec 19, 2017","4.5389","4.5108","4.5476","4.5053","0.59%"
"Dec 18, 2017","4.5124","4.5398","4.5568","4.5080","-0.59%"
"Dec 15, 2017","4.5391","4.5800","4.5850","4.5322","-0.85%"
"Dec 14, 2017","4.5780","4.5080","4.6042","4.5040","1.55%"
"Dec 13, 2017","4.5081","4.5161","4.5397","4.4939","-0.22%"
"Dec 12, 2017","4.5182","4.5176","4.5278","4.4928","0.06%"
"Dec 11, 2017","4.5155","4.5153","4.5268","4.4993","-0.01%"
"Dec 08, 2017","4.5161","4.5495","4.5590","4.4982","-0.70%"
"Dec 07, 2017","4.5480","4.5423","4.5717","4.5377","0.13%"
"Dec 06, 2017","4.5422","4.5457","4.5735","4.5319","-0.09%"
"Dec 05, 2017","4.5464","4.5963","4.6070","4.5332","-1.10%"
"Dec 04, 2017","4.5971","4.6505","4.6830","4.5751","-1.20%"
"Dec 01, 2017","4.6531","4.6638","4.7047","4.6452","-0.26%"
"Nov 30, 2017","4.6651","4.6941","4.7016","4.6516","-0.60%"
"Nov 29, 2017","4.6932","4.6937","4.7101","4.6719","-0.03%"
"Nov 28, 2017","4.6945","4.6474","4.7209","4.6414","1.01%"
"Nov 27, 2017","4.6476","4.7060","4.7197","4.6347","-1.22%"
"Nov 24, 2017","4.7050","4.6445","4.7196","4.6277","1.27%"
"Nov 23, 2017","4.6459","4.6328","4.6717","4.6169","0.29%"
"Nov 22, 2017","4.6323","4.6443","4.6771","4.6250","-0.26%"
"Nov 21, 2017","4.6443","4.6094","4.6726","4.5971","0.75%"
"Nov 20, 2017","4.6096","4.5711","4.6305","4.5255","0.80%"
"Nov 17, 2017","4.5732","4.5491","4.6070","4.5402","0.59%"
"Nov 16, 2017","4.5466","4.5762","4.5870","4.5324","-0.65%"
"Nov 15, 2017","4.5764","4.5836","4.6121","4.5717","-0.18%"
"Nov 14, 2017","4.5847","4.5165","4.5952","4.5098","1.53%"
"Nov 13, 2017","4.5156","4.5144","4.5370","4.4780","0.19%"
"Nov 10, 2017","4.5069","4.4988","4.5183","4.4882","0.17%"
"Nov 09, 2017","4.4991","4.4852","4.5225","4.4538","0.35%"
"Nov 08, 2017","4.4834","4.4999","4.5237","4.4676","-0.38%"
"Nov 07, 2017","4.5007","4.4448","4.5125","4.4397","1.27%"
"Nov 06, 2017","4.4444","4.5118","4.5190","4.4303","-1.49%"
"Nov 03, 2017","4.5118","4.4272","4.5174","4.4238","1.92%"
"Nov 02, 2017","4.4269","4.4303","4.4595","4.4179","-0.08%"
"Nov 01, 2017","4.4303","4.4161","4.4567","4.4045","0.32%"
"Oct 31, 2017","4.4162","4.4039","4.4424","4.3787","0.28%"
"Oct 30, 2017","4.4039","4.3991","4.4136","4.3651","0.12%"
"Oct 27, 2017","4.3985","4.4507","4.4672","4.3890","-1.18%"
"Oct 26, 2017","4.4508","4.4492","4.4813","4.4094","0.02%"
"Oct 25, 2017","4.4497","4.3998","4.4959","4.3788","1.12%"
"Oct 24, 2017","4.4002","4.3663","4.4235","4.3522","0.78%"
"Oct 23, 2017","4.3663","4.3219","4.3741","4.3167","0.91%"
"Oct 20, 2017","4.3270","4.3178","4.3433","4.3057","0.14%"
"Oct 19, 2017","4.3208","4.3374","4.3457","4.3166","-0.34%"
"Oct 18, 2017","4.3354","4.3153","4.3398","4.3068","0.50%"
"Oct 17, 2017","4.3138","4.3032","4.3369","4.2917","0.29%"
"Oct 16, 2017","4.3013","4.2930","4.3122","4.2790","0.09%"
"Oct 13, 2017","4.2976","4.3201","4.3372","4.2865","-0.58%"
"Oct 12, 2017","4.3228","4.3296","4.3527","4.3078","-0.09%"
"Oct 11, 2017","4.3266","4.3825","4.3860","4.3190","-1.26%"
"Oct 10, 2017","4.3819","4.3445","4.3868","4.3147","0.84%"
"Oct 09, 2017","4.3453","4.2382","4.4267","4.2341","2.44%"
"Oct 06, 2017","4.2417","4.1964","4.2527","4.1851","1.07%"
"Oct 05, 2017","4.1967","4.2007","4.2096","4.1749","-0.11%"
"Oct 04, 2017","4.2012","4.1949","4.2085","4.1848","0.15%"
"Oct 03, 2017","4.1947","4.1790","4.2239","4.1773","0.33%"
"Oct 02, 2017","4.1810","4.2130","4.2154","4.1810","-0.69%"
"Sep 29, 2017","4.2101","4.1937","4.2165","4.1837","0.33%"
"Sep 28, 2017","4.1962","4.2028","4.2229","4.1875","-0.13%"
"Sep 27, 2017","4.2016","4.1715","4.2092","4.1688","0.57%"
"Sep 26, 2017","4.1776","4.2065","4.2115","4.1632","-0.66%"
"Sep 25, 2017","4.2053","4.1793","4.2128","4.1617","0.67%"
"Sep 22, 2017","4.1773","4.1832","4.1950","4.1669","-0.12%"
"Sep 21, 2017","4.1825","4.1640","4.1932","4.1535","0.39%"
"Sep 20, 2017","4.1662","4.1864","4.1963","4.1574","-0.43%"
"Sep 19, 2017","4.1844","4.1707","4.2019","4.1621","0.31%"
"Sep 18, 2017","4.1713","4.1096","4.1774","4.0955","1.60%"
"Sep 15, 2017","4.1055","4.0919","4.1225","4.0830","0.33%"
"Sep 14, 2017","4.0919","4.1093","4.1270","4.0823","-0.45%"
"Sep 13, 2017","4.1102","4.1082","4.1327","4.1003","0.05%"
"Sep 12, 2017","4.1082","4.0710","4.1187","4.0660","0.91%"
"Sep 11, 2017","4.0712","4.1060","4.1071","4.0668","-0.85%"
"Sep 08, 2017","4.1060","4.0917","4.1268","4.0894","0.31%"
"Sep 07, 2017","4.0932","4.0843","4.1168","4.0720","0.26%"
"Sep 06, 2017","4.0824","4.0937","4.1198","4.0763","-0.32%"
"Sep 05, 2017","4.0954","4.0879","4.1057","4.0750","0.23%"
"Sep 04, 2017","4.0861","4.0633","4.0998","4.0565","0.50%"
"Sep 01, 2017","4.0658","4.1124","4.1147","4.0491","-1.13%"
"Aug 31, 2017","4.1121","4.0976","4.1222","4.0887","0.25%"
"Aug 30, 2017","4.1020","4.1269","4.1350","4.0929","-0.59%"
"Aug 29, 2017","4.1264","4.1251","4.1612","4.1155","0.02%"
"Aug 28, 2017","4.1257","4.1067","4.1303","4.0998","0.61%"
"Aug 25, 2017","4.1006","4.1101","4.1197","4.0819","-0.24%"
"Aug 24, 2017","4.1105","4.1071","4.1181","4.0942","0.07%"
"Aug 23, 2017","4.1075","4.1091","4.1367","4.1037","-0.06%"
"Aug 22, 2017","4.1101","4.1303","4.1360","4.1027","-0.50%"
"Aug 21, 2017","4.1306","4.1316","4.1417","4.1081","-0.19%"
"Aug 18, 2017","4.1384","4.1331","4.1562","4.1215","0.13%"
"Aug 17, 2017","4.1332","4.1357","4.1491","4.1057","-0.09%"
"Aug 16, 2017","4.1368","4.1499","4.1600","4.1200","-0.28%"
"Aug 15, 2017","4.1486","4.1532","4.1579","4.1303","-0.11%"
"Aug 14, 2017","4.1533","4.1788","4.1836","4.1444","-0.66%"
"Aug 11, 2017","4.1808","4.1692","4.1912","4.1584","0.27%"
"Aug 10, 2017","4.1694","4.1601","4.1736","4.1340","0.23%"
"Aug 09, 2017","4.1598","4.1524","4.1674","4.1407","0.16%"
"Aug 08, 2017","4.1533","4.1631","4.1742","4.1368","-0.23%"
"Aug 07, 2017","4.1627","4.1560","4.1767","4.1509","0.23%"
"Aug 04, 2017","4.1532","4.2020","4.2120","4.1437","-1.15%"
"Aug 03, 2017","4.2015","4.1846","4.2101","4.1819","0.38%"
"Aug 02, 2017","4.1857","4.1639","4.2031","4.1571","0.55%"
"Aug 01, 2017","4.1626","4.1670","4.1715","4.1409","-0.12%"
"Jul 31, 2017","4.1676","4.1421","4.1734","4.1231","0.52%"
"Jul 28, 2017","4.1460","4.1295","4.1547","4.1188","0.40%"
"Jul 27, 2017","4.1293","4.1501","4.1531","4.1129","-0.51%"
"Jul 26, 2017","4.1506","4.1628","4.1666","4.1209","-0.25%"
"Jul 25, 2017","4.1611","4.1411","4.1716","4.1353","0.49%"
"Jul 24, 2017","4.1407","4.1303","4.1636","4.1103","0.39%"
"Jul 21, 2017","4.1245","4.1017","4.1356","4.0930","0.56%"
"Jul 20, 2017","4.1014","4.0554","4.1099","4.0523","1.13%"
"Jul 19, 2017","4.0557","4.0701","4.0816","4.0470","-0.37%"
"Jul 18, 2017","4.0708","4.0504","4.0899","4.0470","0.51%"
"Jul 17, 2017","4.0500","4.0552","4.0672","4.0409","-0.19%"
"Jul 14, 2017","4.0578","4.0651","4.0769","4.0397","-0.16%"
"Jul 13, 2017","4.0644","4.0706","4.0950","4.0496","-0.16%"
"Jul 12, 2017","4.0709","4.1441","4.1524","4.0656","-1.77%"
"Jul 11, 2017","4.1444","4.1137","4.1552","4.1065","0.76%"
"Jul 10, 2017","4.1133","4.1209","4.1324","4.1012","-0.29%"
"Jul 07, 2017","4.1251","4.1351","4.1653","4.1132","-0.28%"
"Jul 06, 2017","4.1365","4.0959","4.1471","4.0819","1.04%"
"Jul 05, 2017","4.0938","4.0385","4.1002","4.0320","1.37%"
"Jul 04, 2017","4.0383","4.0421","4.0501","4.0234","-0.10%"
"Jul 03, 2017","4.0424","4.0210","4.0545","4.0046","0.47%"
"Jun 30, 2017","4.0233","4.0342","4.0394","3.9989","-0.28%"
"Jun 29, 2017","4.0345","3.9977","4.0475","3.9888","0.94%"
"Jun 28, 2017","3.9968","3.9979","4.0225","3.9659","-0.04%"
"Jun 27, 2017","3.9985","3.9148","4.0022","3.9065","2.15%"
"Jun 26, 2017","3.9144","3.9301","3.9312","3.9059","-0.34%"
"Jun 23, 2017","3.9278","3.9120","3.9333","3.9019","0.40%"
"Jun 22, 2017","3.9120","3.9428","3.9478","3.9053","-0.80%"
"Jun 21, 2017","3.9436","3.9461","3.9526","3.9228","-0.07%"
"Jun 20, 2017","3.9465","3.9282","3.9503","3.9144","0.48%"
"Jun 19, 2017","3.9276","3.9224","3.9394","3.9026","0.13%"
"Jun 16, 2017","3.9224","3.9153","3.9387","3.9099","0.18%"
"Jun 15, 2017","3.9152","3.9125","3.9341","3.9059","0.07%"
"Jun 14, 2017","3.9126","3.9454","3.9530","3.9099","-0.84%"
"Jun 13, 2017","3.9457","3.9386","3.9628","3.9221","0.16%"
"Jun 12, 2017","3.9394","3.9595","3.9675","3.9356","-0.53%"
"Jun 09, 2017","3.9602","3.9531","3.9682","3.9312","0.20%"
"Jun 08, 2017","3.9522","3.9924","4.0057","3.9447","-1.11%"
"Jun 07, 2017","3.9966","3.9640","4.0028","3.9379","0.82%"
"Jun 06, 2017","3.9642","3.9655","3.9888","3.9556","-0.04%"
"Jun 05, 2017","3.9657","3.9628","3.9756","3.9360","0.15%"
"Jun 02, 2017","3.9598","3.9522","3.9741","3.9476","0.19%"
"Jun 01, 2017","3.9522","3.9632","3.9781","3.9487","-0.36%"
"May 31, 2017","3.9663","3.9693","3.9815","3.9444","-0.09%"
"May 30, 2017","3.9700","3.9913","3.9980","3.9538","-0.59%"
"May 29, 2017","3.9935","4.0026","4.0103","3.9899","-0.19%"
"May 26, 2017","4.0010","3.9983","4.0185","3.9789","0.07%"
"May 25, 2017","3.9983","3.9943","4.0121","3.9840","0.10%"
"May 24, 2017","3.9944","3.9920","4.0037","3.9784","0.04%"
"May 23, 2017","3.9929","4.0015","4.0268","3.9907","-0.12%"
"May 22, 2017","3.9977","4.0121","4.0275","3.9771","-0.23%"
"May 19, 2017","4.0068","4.0250","4.0410","3.9954","-0.45%"
"May 18, 2017","4.0249","3.9829","4.0518","3.9792","1.08%"
"May 17, 2017","3.9817","3.9228","3.9872","3.9196","1.51%"
"May 16, 2017","3.9223","3.8942","3.9432","3.8910","0.72%"
"May 15, 2017","3.8942","3.9015","3.9080","3.8862","-0.26%"
"May 12, 2017","3.9043","3.8843","3.9141","3.8819","0.53%"
"May 11, 2017","3.8838","3.8990","3.9022","3.8786","-0.38%"
"May 10, 2017","3.8988","3.9404","3.9524","3.8868","-1.06%"
"May 09, 2017","3.9406","3.9166","3.9439","3.8985","0.62%"
"May 08, 2017","3.9164","3.8983","3.9311","3.8731","0.48%"
"May 05, 2017","3.8976","3.9041","3.9294","3.8902","-0.16%"
"May 04, 2017","3.9039","3.8489","3.9112","3.8409","1.46%"
"May 03, 2017","3.8479","3.8555","3.8670","3.8435","-0.19%"
"May 02, 2017","3.8554","3.8744","3.8826","3.8367","-0.48%"
"May 01, 2017","3.8741","3.8746","3.8846","3.8655","0.10%"
"Apr 28, 2017","3.8702","3.8719","3.8947","3.8629","-0.05%"
"Apr 27, 2017","3.8721","3.9011","3.9036","3.8624","-0.76%"
"Apr 26, 2017","3.9016","3.9107","3.9329","3.8780","-0.25%"
"Apr 25, 2017","3.9112","3.8819","3.9301","3.8756","0.73%"
"Apr 24, 2017","3.8830","3.9756","3.9811","3.8739","-0.57%"
"Apr 21, 2017","3.9051","3.9024","3.9174","3.8880","0.06%"
"Apr 20, 2017","3.9028","3.9335","3.9400","3.8984","-0.80%"
"Apr 19, 2017","3.9341","3.9284","3.9476","3.9165","0.15%"
"Apr 18, 2017","3.9284","3.9394","3.9563","3.9146","-0.27%"
"Apr 17, 2017","3.9392","3.8624","3.9564","3.8466","-0.55%"
"Apr 14, 2017","3.9609","3.8889","3.9674","3.8845","1.87%"
"Apr 13, 2017","3.8883","3.8912","3.9141","3.8754","-0.10%"
"Apr 12, 2017","3.8922","3.9204","3.9310","3.8758","-0.71%"
"Apr 11, 2017","3.9200","3.9508","3.9539","3.9175","-0.80%"
"Apr 10, 2017","3.9518","3.9503","3.9606","3.9329","0.01%"
"Apr 07, 2017","3.9513","3.9501","3.9869","3.9416","0.03%"
"Apr 06, 2017","3.9503","3.9441","3.9765","3.9389","0.15%"
"Apr 05, 2017","3.9445","3.9256","3.9588","3.9127","0.45%"
"Apr 04, 2017","3.9268","3.8906","3.9314","3.8766","0.98%"
"Apr 03, 2017","3.8885","3.8754","3.8950","3.8638","0.41%"
"Mar 31, 2017","3.8726","3.8989","3.9076","3.8654","-0.66%"
"Mar 30, 2017","3.8985","3.9246","3.9309","3.8783","-0.69%"
"Mar 29, 2017","3.9255","3.9541","3.9617","3.9114","-0.76%"
"Mar 28, 2017","3.9556","3.9293","3.9670","3.9179","0.67%"
"Mar 27, 2017","3.9293","3.8988","3.9470","3.8925","0.75%"
"Mar 24, 2017","3.9000","3.9194","3.9255","3.8853","-0.49%"
"Mar 23, 2017","3.9194","3.9075","3.9264","3.8909","0.32%"
"Mar 22, 2017","3.9068","3.9259","3.9318","3.8952","-0.53%"
"Mar 21, 2017","3.9276","3.8836","3.9324","3.8761","1.14%"
"Mar 20, 2017","3.8832","3.9023","3.9167","3.8815","-0.50%"
"Mar 17, 2017","3.9026","3.9030","3.9149","3.8746","-0.02%"
"Mar 16, 2017","3.9033","3.9463","3.9634","3.8751","-1.07%"
"Mar 15, 2017","3.9454","3.9683","3.9846","3.9316","-0.58%"
"Mar 14, 2017","3.9686","3.9870","4.0050","3.9630","-0.44%"
"Mar 13, 2017","3.9863","3.9804","4.0069","3.9756","0.14%"
"Mar 10, 2017","3.9806","3.9924","4.0008","3.9573","-0.30%"
"Mar 09, 2017","3.9925","3.9489","4.0110","3.9384","1.09%"
"Mar 08, 2017","3.9494","3.8885","3.9565","3.8759","1.55%"
"Mar 07, 2017","3.8893","3.9301","3.9373","3.8813","-1.02%"
"Mar 06, 2017","3.9292","3.9330","3.9583","3.9242","-0.11%"
"Mar 03, 2017","3.9337","3.9179","3.9535","3.9009","0.44%"
"Mar 02, 2017","3.9166","3.8553","3.9222","3.8433","1.61%"
"Mar 01, 2017","3.8544","3.8567","3.8749","3.8207","-0.09%"
"Feb 28, 2017","3.8577","3.8182","3.8645","3.8106","1.01%"
"Feb 27, 2017","3.8190","3.8100","3.8239","3.7885","0.24%"
"Feb 24, 2017","3.8100","3.7776","3.8142","3.7723","0.88%"
"Feb 23, 2017","3.7768","3.7796","3.7941","3.7622","-0.07%"
"Feb 22, 2017","3.7793","3.8152","3.8270","3.7780","-0.93%"
"Feb 21, 2017","3.8147","3.8456","3.8479","3.8095","-0.84%"
"Feb 20, 2017","3.8469","3.8535","3.8668","3.8379","-0.13%"
"Feb 17, 2017","3.8519","3.9144","3.9202","3.8460","-1.57%"
"Feb 16, 2017","3.9135","3.8788","3.9232","3.8746","0.86%"
"Feb 15, 2017","3.8801","3.8609","3.9019","3.8436","0.49%"
"Feb 14, 2017","3.8611","3.8910","3.8954","3.8577","-0.77%"
"Feb 13, 2017","3.8912","3.9299","3.9381","3.8826","-1.04%"
"Feb 10, 2017","3.9322","3.9251","3.9426","3.8958","0.20%"
"Feb 09, 2017","3.9243","3.9783","3.9810","3.9200","-1.38%"
"Feb 08, 2017","3.9792","4.0009","4.0050","3.9543","-0.54%"
"Feb 07, 2017","4.0009","3.9605","4.0113","3.9489","1.03%"
"Feb 06, 2017","3.9602","3.9863","3.9977","3.9373","-0.68%"
"Feb 03, 2017","3.9875","4.0207","4.0420","3.9685","-0.82%"
"Feb 02, 2017","4.0206","4.0598","4.0705","4.0127","-0.98%"
"Feb 01, 2017","4.0605","4.0755","4.0952","4.0498","-0.34%"
"Jan 31, 2017","4.0743","4.0437","4.0857","4.0340","0.74%"
"Jan 30, 2017","4.0445","4.1467","4.1604","4.0263","-2.51%"
"Jan 27, 2017","4.1486","4.1056","4.1719","4.1052","1.02%"
"Jan 26, 2017","4.1066","4.1181","4.1573","4.0854","-0.27%"
"Jan 25, 2017","4.1179","4.0624","4.1395","4.0537","1.43%"
"Jan 24, 2017","4.0598","4.0432","4.1062","4.0102","0.37%"
"Jan 23, 2017","4.0447","4.0251","4.0640","4.0247","0.36%"
"Jan 20, 2017","4.0302","4.0831","4.0934","4.0226","-1.26%"
"Jan 19, 2017","4.0815","4.0354","4.0880","4.0305","1.13%"
"Jan 18, 2017","4.0359","4.0285","4.0565","4.0144","0.16%"
"Jan 17, 2017","4.0293","4.0317","4.0647","4.0161","-0.11%"
"Jan 16, 2017","4.0336","3.9523","4.0468","3.9455","1.79%"
"Jan 13, 2017","3.9628","3.9920","4.0759","3.9543","-0.68%"
"Jan 12, 2017","3.9900","4.0897","4.1769","3.9811","-2.44%"
"Jan 11, 2017","4.0899","3.9981","4.1293","3.9970","2.28%"
"Jan 10, 2017","3.9987","3.9270","4.0144","3.9249","1.85%"
"Jan 09, 2017","3.9260","3.8399","3.9522","3.8305","2.27%"
"Jan 06, 2017","3.8388","3.8115","3.8452","3.8030","0.73%"
"Jan 05, 2017","3.8108","3.7467","3.8329","3.7414","1.73%"
"Jan 04, 2017","3.7460","3.7395","3.7525","3.7210","0.15%"
"Jan 03, 2017","3.7403","3.7062","3.7464","3.7029","0.89%"
"Jan 02, 2017","3.7073","3.7153","3.7235","3.6999","-0.06%"
"Dec 30, 2016","3.7097","3.6963","3.7531","3.6937","0.37%"
"Dec 29, 2016","3.6961","3.6864","3.7077","3.6799","0.27%"
"Dec 28, 2016","3.6862","3.6824","3.7027","3.6766","0.10%"
"Dec 27, 2016","3.6824","3.6709","3.6907","3.6576","0.29%"
"Dec 26, 2016","3.6719","3.6787","3.6819","3.6611","-0.15%"
"Dec 23, 2016","3.6774","3.6652","3.6795","3.6557","0.35%"
"Dec 22, 2016","3.6644","3.6570","3.6846","3.6540","0.18%"
"Dec 21, 2016","3.6578","3.6641","3.6793","3.6431","-0.18%"
"Dec 20, 2016","3.6644","3.6768","3.6818","3.6351","-0.30%"
"Dec 19, 2016","3.6753","3.6620","3.6932","3.6426","0.28%"
"Dec 16, 2016","3.6650","3.6591","3.6732","3.6433","0.21%"
"Dec 15, 2016","3.6572","3.7216","3.7275","3.6469","-1.74%"
"Dec 14, 2016","3.7218","3.7080","3.7271","3.6637","0.35%"
"Dec 13, 2016","3.7087","3.6896","3.7325","3.6686","0.54%"
"Dec 12, 2016","3.6889","3.6788","3.7498","3.6645","0.16%"
"Dec 09, 2016","3.6829","3.6557","3.6990","3.6322","0.76%"
"Dec 08, 2016","3.6553","3.6444","3.7297","3.6043","0.27%"
"Dec 07, 2016","3.6454","3.6942","3.7087","3.6370","-1.28%"
"Dec 06, 2016","3.6928","3.7923","3.8081","3.6785","-2.62%"
"Dec 05, 2016","3.7923","3.7584","3.8087","3.7132","0.97%"
"Dec 02, 2016","3.7557","3.7367","3.8190","3.7163","0.54%"
"Dec 01, 2016","3.7357","3.6385","3.7382","3.6326","2.65%"
"Nov 30, 2016","3.6391","3.6301","3.6496","3.6193","0.25%"
"Nov 29, 2016","3.6300","3.6241","3.6396","3.6145","0.15%"
"Nov 28, 2016","3.6246","3.6519","3.6667","3.6147","-0.67%"
"Nov 25, 2016","3.6490","3.6355","3.6719","3.6324","0.36%"
"Nov 24, 2016","3.6359","3.5821","3.6552","3.5628","1.49%"
"Nov 23, 2016","3.5825","3.5979","3.6145","3.5777","-0.39%"
"Nov 22, 2016","3.5966","3.5720","3.6028","3.5597","0.65%"
"Nov 21, 2016","3.5732","3.5722","3.6101","3.5614","-0.01%"
"Nov 18, 2016","3.5737","3.5812","3.6128","3.5610","-0.22%"
"Nov 17, 2016","3.5816","3.5514","3.5905","3.5427","0.80%"
"Nov 16, 2016","3.5530","3.5295","3.5654","3.5210","0.71%"
"Nov 15, 2016","3.5280","3.5314","3.5425","3.5158","-0.12%"
"Nov 14, 2016","3.5324","3.5231","3.5562","3.5067","0.05%"
"Nov 11, 2016","3.5306","3.5425","3.5675","3.5079","-0.30%"
"Nov 10, 2016","3.5412","3.5018","3.5530","3.4874","1.13%"
"Nov 09, 2016","3.5018","3.4785","3.6862","3.4701","0.66%"
"Nov 08, 2016","3.4787","3.4979","3.5244","3.4745","-0.54%"
"Nov 07, 2016","3.4977","3.5151","3.5158","3.4762","-0.54%"
"Nov 04, 2016","3.5168","3.4538","3.5327","3.4521","1.82%"
"Nov 03, 2016","3.4539","3.4553","3.4761","3.4352","-0.04%"
"Nov 02, 2016","3.4552","3.4405","3.4756","3.4383","0.44%"
"Nov 01, 2016","3.4400","3.3976","3.4569","3.3885","1.25%"
"Oct 31, 2016","3.3974","3.4096","3.4207","3.3903","-0.47%"
"Oct 28, 2016","3.4135","3.3933","3.4249","3.3851","0.60%"
"Oct 27, 2016","3.3931","3.3608","3.4007","3.3581","0.95%"
"Oct 26, 2016","3.3613","3.3443","3.3782","3.3390","0.52%"
"Oct 25, 2016","3.3438","3.3453","3.3630","3.3367","-0.10%"
"Oct 24, 2016","3.3472","3.3546","3.3622","3.3417","-0.19%"
"Oct 21, 2016","3.3537","3.3439","3.3613","3.3289","0.27%"
"Oct 20, 2016","3.3447","3.3603","3.3847","3.3361","-0.45%"
"Oct 19, 2016","3.3598","3.3981","3.4038","3.3502","-1.15%"
"Oct 18, 2016","3.3988","3.4063","3.4227","3.3931","-0.20%"
"Oct 17, 2016","3.4055","3.3901","3.4226","3.3843","0.44%"
"Oct 14, 2016","3.3906","3.4123","3.4148","3.3805","-0.62%"
"Oct 13, 2016","3.4118","3.3962","3.4247","3.3915","0.45%"
"Oct 12, 2016","3.3965","3.4091","3.4141","3.3883","-0.37%"
"Oct 11, 2016","3.4091","3.4207","3.4335","3.4034","-0.36%"
"Oct 10, 2016","3.4213","3.4150","3.4381","3.3996","0.11%"
"Oct 07, 2016","3.4175","3.3893","3.4209","3.3828","0.83%"
"Oct 06, 2016","3.3895","3.4188","3.4259","3.3855","-0.88%"
"Oct 05, 2016","3.4195","3.4259","3.4432","3.4171","-0.20%"
"Oct 04, 2016","3.4263","3.3850","3.4362","3.3779","1.24%"
"Oct 03, 2016","3.3844","3.3697","3.3966","3.3669","0.39%"
"Sep 30, 2016","3.3714","3.3679","3.3775","3.3479","0.14%"
"Sep 29, 2016","3.3666","3.3424","3.3767","3.3384","0.73%"
"Sep 28, 2016","3.3422","3.3357","3.3506","3.3266","0.19%"
"Sep 27, 2016","3.3360","3.3551","3.3576","3.3333","-0.56%"
"Sep 26, 2016","3.3548","3.3304","3.3671","3.3298","0.71%"
"Sep 23, 2016","3.3310","3.2991","3.3334","3.2945","0.95%"
"Sep 22, 2016","3.2995","3.3086","3.3193","3.2948","-0.21%"
"Sep 21, 2016","3.3065","3.3226","3.3283","3.2993","-0.46%"
"Sep 20, 2016","3.3218","3.3262","3.3371","3.3182","-0.15%"
"Sep 19, 2016","3.3267","3.3234","3.3338","3.3139","0.02%"
"Sep 16, 2016","3.3260","3.3378","3.3430","3.3173","-0.35%"
"Sep 15, 2016","3.3378","3.3508","3.3569","3.3308","-0.42%"
"Sep 14, 2016","3.3518","3.3475","3.3559","3.3401","0.09%"
"Sep 13, 2016","3.3487","3.3343","3.3603","3.3278","0.45%"
"Sep 12, 2016","3.3337","3.3352","3.3623","3.3260","0.17%"
"Sep 09, 2016","3.3281","3.3251","3.3506","3.3232","0.14%"
"Sep 08, 2016","3.3234","3.3003","3.3304","3.2952","0.68%"
"Sep 07, 2016","3.3011","3.2890","3.3087","3.2817","0.36%"
"Sep 06, 2016","3.2894","3.2837","3.2986","3.2778","0.19%"
"Sep 05, 2016","3.2833","3.2899","3.2973","3.2806","-0.26%"
"Sep 02, 2016","3.2920","3.3162","3.3244","3.2875","-0.71%"
"Sep 01, 2016","3.3157","3.3009","3.3277","3.2894","0.45%"
"Aug 31, 2016","3.3008","3.3024","3.3085","3.2898","-0.03%"
"Aug 30, 2016","3.3018","3.3016","3.3081","3.2948","0.01%"
"Aug 29, 2016","3.3016","3.3051","3.3114","3.2950","-0.18%"
"Aug 26, 2016","3.3077","3.3100","3.3251","3.2972","-0.10%"
"Aug 25, 2016","3.3109","3.3252","3.3291","3.3058","-0.42%"
"Aug 24, 2016","3.3247","3.3388","3.3525","3.3129","-0.41%"
"Aug 23, 2016","3.3385","3.3285","3.3407","3.3206","0.26%"
"Aug 22, 2016","3.3298","3.3118","3.3363","3.3115","0.36%"
"Aug 19, 2016","3.3178","3.3228","3.3371","3.3114","-0.18%"
"Aug 18, 2016","3.3237","3.2980","3.3285","3.2940","0.75%"
"Aug 17, 2016","3.2988","3.3041","3.3131","3.2927","-0.16%"
"Aug 16, 2016","3.3042","3.2889","3.3124","3.2827","0.47%"
"Aug 15, 2016","3.2889","3.3027","3.3063","3.2859","-0.43%"
"Aug 12, 2016","3.3030","3.2946","3.3104","3.2885","0.29%"
"Aug 11, 2016","3.2936","3.3051","3.3131","3.2877","-0.36%"
"Aug 10, 2016","3.3056","3.2986","3.3104","3.2931","0.15%"
"Aug 09, 2016","3.3005","3.3093","3.3125","3.2957","-0.31%"
"Aug 08, 2016","3.3106","3.3272","3.3329","3.3003","-0.41%"
"Aug 05, 2016","3.3243","3.3508","3.3544","3.3192","-0.80%"
"Aug 04, 2016","3.3510","3.3590","3.3720","3.3460","-0.28%"
"Aug 03, 2016","3.3603","3.3589","3.3831","3.3547","0.05%"
"Aug 02, 2016","3.3587","3.3381","3.3655","3.3342","0.62%"
"Aug 01, 2016","3.3380","3.3445","3.3495","3.3196","-0.03%"
"Jul 29, 2016","3.3391","3.3367","3.3556","3.3312","0.07%"
"Jul 28, 2016","3.3366","3.3380","3.3585","3.3287","-0.05%"
"Jul 27, 2016","3.3382","3.3455","3.3527","3.3264","-0.23%"
"Jul 26, 2016","3.3460","3.3396","3.3584","3.3215","0.22%"
"Jul 25, 2016","3.3388","3.3613","3.3784","3.3150","-0.75%"
"Jul 22, 2016","3.3640","3.3883","3.3958","3.3492","-0.63%"
"Jul 21, 2016","3.3853","3.4030","3.4082","3.3634","-0.53%"
"Jul 20, 2016","3.4035","3.3548","3.4098","3.3155","1.41%"
"Jul 19, 2016","3.3562","3.2994","3.3727","3.2814","1.78%"
"Jul 18, 2016","3.2975","3.3348","3.3450","3.2325","-1.06%"
"Jul 15, 2016","3.3327","3.1989","3.3657","3.1955","4.13%"
"Jul 14, 2016","3.2006","3.2161","3.2317","3.1963","-0.47%"
"Jul 13, 2016","3.2158","3.1938","3.2314","3.1907","0.72%"
"Jul 12, 2016","3.1929","3.2119","3.2180","3.1906","-0.59%"
"Jul 11, 2016","3.2118","3.1966","3.2164","3.1881","0.49%"
"Jul 08, 2016","3.1962","3.2506","3.2588","3.1876","-1.62%"
"Jul 07, 2016","3.2489","3.2605","3.2645","3.2361","-0.34%"
"Jul 06, 2016","3.2601","3.2441","3.2677","3.2334","0.48%"
"Jul 05, 2016","3.2445","3.2411","3.2642","3.2301","0.06%"
"Jul 04, 2016","3.2424","3.2338","3.2445","3.2058","0.33%"
"Jul 01, 2016","3.2316","3.1950","3.2355","3.1803","1.12%"
"Jun 30, 2016","3.1959","3.2170","3.2258","3.1776","-0.57%"
"Jun 29, 2016","3.2142","3.2136","3.2265","3.1935","0.01%"
"Jun 28, 2016","3.2140","3.2407","3.2527","3.1928","-0.86%"
"Jun 27, 2016","3.2420","3.2420","3.2586","3.2180","-0.45%"
"Jun 24, 2016","3.2565","3.2511","3.3264","3.2186","0.17%"
"Jun 23, 2016","3.2511","3.2698","3.2877","3.2382","-0.54%"
"Jun 22, 2016","3.2689","3.2741","3.2915","3.2643","-0.06%"
"Jun 21, 2016","3.2710","3.2856","3.2964","3.2675","-0.52%"
"Jun 20, 2016","3.2881","3.3082","3.3252","3.2799","-0.39%"
"Jun 17, 2016","3.3009","3.2900","3.3091","3.2894","0.32%"
"Jun 16, 2016","3.2904","3.2933","3.3215","3.2744","-0.09%"
"Jun 15, 2016","3.2934","3.2919","3.3007","3.2778","0.03%"
"Jun 14, 2016","3.2923","3.2957","3.3051","3.2761","-0.14%"
"Jun 13, 2016","3.2969","3.2929","3.3047","3.2805","0.04%"
"Jun 10, 2016","3.2955","3.2738","3.3100","3.2698","0.70%"
"Jun 09, 2016","3.2725","3.2983","3.3041","3.2681","-0.73%"
"Jun 08, 2016","3.2964","3.2894","3.2993","3.2766","0.18%"
"Jun 07, 2016","3.2905","3.2971","3.3087","3.2858","-0.21%"
"Jun 06, 2016","3.2973","3.2973","3.3157","3.2921","-0.07%"
"Jun 03, 2016","3.2996","3.2873","3.3111","3.2780","0.35%"
"Jun 02, 2016","3.2882","3.2915","3.3090","3.2854","-0.11%"
"Jun 01, 2016","3.2917","3.2845","3.3024","3.2750","0.26%"
"May 31, 2016","3.2833","3.2939","3.2997","3.2783","-0.35%"
"May 30, 2016","3.2949","3.2874","3.3014","3.2824","0.23%"
"May 27, 2016","3.2872","3.2839","3.2976","3.2809","0.07%"
"May 26, 2016","3.2849","3.2784","3.2952","3.2725","0.27%"
"May 25, 2016","3.2760","3.2785","3.2942","3.2638","-0.14%"
"May 24, 2016","3.2805","3.3613","3.3742","3.2757","-2.37%"
"May 23, 2016","3.3603","3.3393","3.3636","3.3356","0.59%"
"May 20, 2016","3.3405","3.3444","3.3550","3.3278","-0.18%"
"May 19, 2016","3.3464","3.3561","3.3660","3.3445","-0.23%"
"May 18, 2016","3.3541","3.3528","3.3702","3.3413","0.03%"
"May 17, 2016","3.3531","3.3699","3.3712","3.3495","-0.49%"
"May 16, 2016","3.3695","3.3588","3.3840","3.3506","0.32%"
"May 13, 2016","3.3586","3.3681","3.3733","3.3451","-0.34%"
"May 12, 2016","3.3702","3.3784","3.3840","3.3525","-0.16%"
"May 11, 2016","3.3757","3.3584","3.3910","3.3488","0.57%"
"May 10, 2016","3.3565","3.3505","3.3666","3.3365","0.13%"
"May 09, 2016","3.3523","3.3386","3.3649","3.3201","0.41%"
"May 06, 2016","3.3386","3.3351","3.3601","3.3183","0.10%"
"May 05, 2016","3.3351","3.4015","3.4036","3.3084","-2.00%"
"May 04, 2016","3.4030","3.2771","3.4259","3.2684","3.90%"
"May 03, 2016","3.2754","3.2355","3.2875","3.2255","1.25%"
"May 02, 2016","3.2351","3.2002","3.2370","3.1968","1.02%"
"Apr 29, 2016","3.2025","3.1938","3.2084","3.1839","0.28%"
"Apr 28, 2016","3.1935","3.1910","3.2104","3.1787","0.06%"
"Apr 27, 2016","3.1915","3.1871","3.2107","3.1799","0.14%"
"Apr 26, 2016","3.1871","3.2021","3.2107","3.1756","-0.55%"
"Apr 25, 2016","3.2046","3.1977","3.2134","3.1897","0.13%"
"Apr 22, 2016","3.2003","3.1961","3.2051","3.1756","0.07%"
"Apr 21, 2016","3.1981","3.1750","3.2139","3.1719","0.60%"
"Apr 20, 2016","3.1789","3.2134","3.2294","3.1719","-1.14%"
"Apr 19, 2016","3.2157","3.2113","3.2251","3.1970","0.08%"
"Apr 18, 2016","3.2130","3.2196","3.2352","3.2058","-0.24%"
"Apr 15, 2016","3.2207","3.2101","3.2344","3.2042","0.29%"
"Apr 14, 2016","3.2113","3.2071","3.2304","3.2010","0.06%"
"Apr 13, 2016","3.2094","3.2264","3.2382","3.2007","-0.59%"
"Apr 12, 2016","3.2284","3.2297","3.2429","3.2176","-0.12%"
"Apr 11, 2016","3.2322","3.2492","3.2588","3.2083","-0.50%"
"Apr 08, 2016","3.2484","3.2544","3.2619","3.2271","-0.23%"
"Apr 07, 2016","3.2559","3.2364","3.2621","3.2237","0.55%"
"Apr 06, 2016","3.2380","3.2227","3.2538","3.2038","0.42%"
"Apr 05, 2016","3.2244","3.2007","3.2347","3.1961","0.63%"
"Apr 04, 2016","3.2043","3.2137","3.2275","3.1895","-0.30%"
"Apr 01, 2016","3.2138","3.2040","3.2320","3.1998","0.25%"
"Mar 31, 2016","3.2057","3.2136","3.2214","3.1989","-0.30%"
"Mar 30, 2016","3.2153","3.2021","3.2220","3.1956","0.35%"
"Mar 29, 2016","3.2041","3.2099","3.2220","3.1941","-0.24%"
"Mar 28, 2016","3.2119","3.2033","3.2232","3.2023","0.01%"
"Mar 25, 2016","3.2117","3.2082","3.2198","3.1988","0.07%"
"Mar 24, 2016","3.2096","3.2137","3.2260","3.2037","-0.27%"
"Mar 23, 2016","3.2182","3.2125","3.2265","3.2011","0.08%"
"Mar 22, 2016","3.2157","3.2151","3.2355","3.2072","0.07%"
"Mar 21, 2016","3.2133","3.2301","3.2486","3.2091","-0.57%"
"Mar 18, 2016","3.2318","3.2145","3.2374","3.2097","0.48%"
"Mar 17, 2016","3.2165","3.2178","3.2509","3.2049","-0.10%"
"Mar 16, 2016","3.2198","3.2184","3.2502","3.2095","-0.01%"
"Mar 15, 2016","3.2201","3.1864","3.2321","3.1784","1.01%"
"Mar 14, 2016","3.1879","3.1947","3.2190","3.1720","-0.28%"
"Mar 11, 2016","3.1970","3.2302","3.2420","3.1778","-1.09%"
"Mar 10, 2016","3.2323","3.1814","3.2569","3.1118","1.55%"
"Mar 09, 2016","3.1831","3.2048","3.2119","3.1708","-0.77%"
"Mar 08, 2016","3.2077","3.2093","3.2358","3.1937","-0.12%"
"Mar 07, 2016","3.2116","3.1978","3.2191","3.1823","0.36%"
"Mar 04, 2016","3.2002","3.1855","3.2210","3.1731","0.35%"
"Mar 03, 2016","3.1889","3.1790","3.2034","3.1639","0.31%"
"Mar 02, 2016","3.1792","3.1874","3.2014","3.1740","-0.36%"
"Mar 01, 2016","3.1906","3.2223","3.2316","3.1745","-1.05%"
"Feb 29, 2016","3.2243","3.2681","3.2760","3.2051","-1.46%"
"Feb 26, 2016","3.2720","3.2258","3.2815","3.2165","1.38%"
"Feb 25, 2016","3.2276","3.2315","3.2470","3.2074","-0.19%"
"Feb 24, 2016","3.2337","3.2420","3.2580","3.2165","-0.32%"
"Feb 23, 2016","3.2441","3.2369","3.2551","3.2176","0.16%"
"Feb 22, 2016","3.2390","3.2825","3.2892","3.2248","-1.44%"
"Feb 19, 2016","3.2864","3.2957","3.3151","3.2747","-0.39%"
"Feb 18, 2016","3.2993","3.2878","3.3118","3.2718","0.29%"
"Feb 17, 2016","3.2896","3.3149","3.3340","3.2735","-0.86%"
"Feb 16, 2016","3.3180","3.2841","3.3228","3.2795","0.96%"
"Feb 15, 2016","3.2864","3.2963","3.3108","3.2775","-0.38%"
"Feb 12, 2016","3.2988","3.3171","3.3271","3.2786","-0.61%"
"Feb 11, 2016","3.3190","3.2973","3.3449","3.2882","0.62%"
"Feb 10, 2016","3.2987","3.3192","3.3272","3.2534","-0.67%"
"Feb 09, 2016","3.3209","3.2984","3.3388","3.2869","0.62%"
"Feb 08, 2016","3.3003","3.2581","3.3056","3.2417","1.17%"
"Feb 05, 2016","3.2621","3.2618","3.2719","3.2362","-0.04%"
"Feb 04, 2016","3.2635","3.2367","3.2715","3.2200","0.78%"
"Feb 03, 2016","3.2384","3.2212","3.2634","3.1958","0.47%"
"Feb 02, 2016","3.2232","3.2061","3.2347","3.2025","0.50%"
"Feb 01, 2016","3.2073","3.1998","3.2398","3.1928","0.15%"
"Jan 29, 2016","3.2025","3.2461","3.2528","3.1933","-1.40%"
"Jan 28, 2016","3.2481","3.2677","3.2742","3.2350","-0.69%"
"Jan 27, 2016","3.2706","3.2692","3.2821","3.2427","-0.01%"
"Jan 26, 2016","3.2710","3.2757","3.2999","3.2519","-0.21%"
"Jan 25, 2016","3.2779","3.2367","3.2812","3.2361","1.07%"
"Jan 22, 2016","3.2431","3.2734","3.2847","3.2349","-1.00%"
"Jan 21, 2016","3.2759","3.3110","3.3356","3.2625","-1.13%"
"Jan 20, 2016","3.3133","3.3140","3.3564","3.3041","-0.09%"
"Jan 19, 2016","3.3163","3.3043","3.3238","3.2751","0.27%"
"Jan 18, 2016","3.3075","3.3245","3.3375","3.2925","-0.61%"
"Jan 15, 2016","3.3279","3.2820","3.3546","3.2796","1.30%"
"Jan 14, 2016","3.2852","3.2880","3.3285","3.2731","-0.27%"
"Jan 13, 2016","3.2941","3.2911","3.3011","3.2492","0.02%"
"Jan 12, 2016","3.2934","3.2966","3.3216","3.2734","-0.17%"
"Jan 11, 2016","3.2990","3.2989","3.3304","3.2714","-0.12%"
"Jan 08, 2016","3.3029","3.2774","3.3031","3.2264","0.70%"
"Jan 07, 2016","3.2799","3.2349","3.2875","3.2319","1.33%"
"Jan 06, 2016","3.2369","3.2070","3.2427","3.2022","0.89%"
"Jan 05, 2016","3.2085","3.2088","3.2244","3.1830","-0.07%"
"Jan 04, 2016","3.2107","3.1622","3.2284","3.1590","1.46%"
"Jan 01, 2016","3.1645","3.1675","3.1725","3.1617","-0.14%"